/*M!999999\- enable the sandbox mode */ 
-- MariaDB dump 10.19-12.2.2-MariaDB, for debian-linux-gnu (x86_64)
--
-- Host: localhost    Database: ecobric
-- ------------------------------------------------------
-- Server version	12.2.2-MariaDB-ubu2404

/*!40101 SET @OLD_CHARACTER_SET_CLIENT=@@CHARACTER_SET_CLIENT */;
/*!40101 SET @OLD_CHARACTER_SET_RESULTS=@@CHARACTER_SET_RESULTS */;
/*!40101 SET @OLD_COLLATION_CONNECTION=@@COLLATION_CONNECTION */;
/*!40101 SET NAMES utf8mb4 */;
/*!40103 SET @OLD_TIME_ZONE=@@TIME_ZONE */;
/*!40103 SET TIME_ZONE='+00:00' */;
/*!40014 SET @OLD_UNIQUE_CHECKS=@@UNIQUE_CHECKS, UNIQUE_CHECKS=0 */;
/*!40014 SET @OLD_FOREIGN_KEY_CHECKS=@@FOREIGN_KEY_CHECKS, FOREIGN_KEY_CHECKS=0 */;
/*!40101 SET @OLD_SQL_MODE=@@SQL_MODE, SQL_MODE='NO_AUTO_VALUE_ON_ZERO' */;
/*M!100616 SET @OLD_NOTE_VERBOSITY=@@NOTE_VERBOSITY, NOTE_VERBOSITY=0 */;

--
-- Table structure for table `categorias`
--

DROP TABLE IF EXISTS `categorias`;
/*!40101 SET @saved_cs_client     = @@character_set_client */;
/*!40101 SET character_set_client = utf8mb4 */;
CREATE TABLE `categorias` (
  `id` int(11) NOT NULL AUTO_INCREMENT,
  `nombre` varchar(100) NOT NULL,
  `descripcion` text DEFAULT NULL,
  PRIMARY KEY (`id`),
  UNIQUE KEY `nombre` (`nombre`)
) ENGINE=InnoDB AUTO_INCREMENT=5 DEFAULT CHARSET=utf8mb4 COLLATE=utf8mb4_unicode_ci;
/*!40101 SET character_set_client = @saved_cs_client */;

--
-- Dumping data for table `categorias`
--

SET @OLD_AUTOCOMMIT=@@AUTOCOMMIT, @@AUTOCOMMIT=0;
LOCK TABLES `categorias` WRITE;
/*!40000 ALTER TABLE `categorias` DISABLE KEYS */;
INSERT INTO `categorias` VALUES
(1,'Herramientas','Herramientas de bricolaje y eléctricas'),
(2,'Merchandising Sostenible','Productos ecológicos y sostenibles'),
(3,'Pinturas Naturales','Pinturas ecológicas y revestimientos naturales'),
(4,'Maderas y Tableros','Maderas certificadas, tableros y soluciones para mobiliario');
/*!40000 ALTER TABLE `categorias` ENABLE KEYS */;
UNLOCK TABLES;
COMMIT;
SET AUTOCOMMIT=@OLD_AUTOCOMMIT;

--
-- Table structure for table `detalles_pedido`
--

DROP TABLE IF EXISTS `detalles_pedido`;
/*!40101 SET @saved_cs_client     = @@character_set_client */;
/*!40101 SET character_set_client = utf8mb4 */;
CREATE TABLE `detalles_pedido` (
  `pedido_id` int(11) NOT NULL,
  `producto_id` int(11) NOT NULL,
  `cantidad` int(11) NOT NULL,
  `precio_unitario` decimal(10,2) NOT NULL,
  PRIMARY KEY (`pedido_id`,`producto_id`),
  KEY `producto_id` (`producto_id`),
  CONSTRAINT `detalles_pedido_ibfk_1` FOREIGN KEY (`pedido_id`) REFERENCES `pedidos` (`id`) ON DELETE CASCADE,
  CONSTRAINT `detalles_pedido_ibfk_2` FOREIGN KEY (`producto_id`) REFERENCES `productos` (`id`)
) ENGINE=InnoDB DEFAULT CHARSET=utf8mb4 COLLATE=utf8mb4_unicode_ci;
/*!40101 SET character_set_client = @saved_cs_client */;

--
-- Dumping data for table `detalles_pedido`
--

SET @OLD_AUTOCOMMIT=@@AUTOCOMMIT, @@AUTOCOMMIT=0;
LOCK TABLES `detalles_pedido` WRITE;
/*!40000 ALTER TABLE `detalles_pedido` DISABLE KEYS */;
INSERT INTO `detalles_pedido` VALUES
(1,16,1,50.75),
(2,15,4,33.15),
(2,16,1,50.75),
(3,20,2,100.52),
(4,17,5,148.13),
(5,18,1,60.79),
(6,18,1,60.79),
(7,17,1,148.13),
(8,16,2,50.75),
(8,17,1,148.13),
(8,18,1,60.79),
(100,3,4,30.25),
(101,3,1,30.25),
(101,15,3,33.15),
(101,20,4,100.52),
(102,12,1,58.36),
(103,5,3,104.49),
(104,12,4,58.36),
(105,5,4,104.49),
(105,11,1,17.31),
(105,14,4,21.16),
(106,6,1,113.14),
(106,15,2,33.15),
(106,19,2,66.77),
(107,2,4,49.05),
(107,19,3,66.77),
(108,1,4,57.61),
(108,6,4,113.14),
(108,13,1,65.95),
(109,9,3,82.26),
(110,7,3,122.82),
(110,20,4,100.52),
(111,1,4,57.61),
(111,21,2,18.15),
(112,3,3,30.25),
(112,4,2,26.74),
(112,12,3,58.36),
(112,16,4,50.75),
(113,5,3,104.49),
(113,8,2,208.09),
(114,4,3,26.74),
(114,13,3,65.95),
(115,8,4,208.09),
(115,17,1,148.13),
(115,20,2,100.52),
(115,21,2,18.15),
(116,14,4,21.16),
(117,13,2,65.95),
(117,16,1,50.75),
(118,9,3,82.26),
(118,11,4,17.31),
(118,15,4,33.15),
(118,20,3,100.52),
(119,12,4,58.36),
(120,13,2,65.95),
(121,3,3,30.25),
(121,8,1,208.09),
(121,13,3,65.95),
(122,4,4,26.74),
(122,21,2,18.15),
(123,1,1,57.61),
(123,13,2,65.95),
(123,14,4,21.16),
(123,16,4,50.75),
(124,6,3,113.14),
(125,8,3,208.09),
(125,13,2,65.95),
(125,14,1,21.16),
(126,2,4,49.05),
(126,7,2,122.82),
(126,9,4,82.26),
(126,21,4,18.15),
(127,2,1,49.05),
(127,18,3,60.79),
(128,1,4,57.61),
(128,3,1,30.25),
(128,9,1,82.26),
(129,13,3,65.95),
(130,2,2,49.05),
(130,4,1,26.74),
(131,18,1,60.79),
(132,12,4,58.36),
(133,1,1,57.61),
(133,2,3,49.05),
(133,12,4,58.36),
(133,18,3,60.79),
(134,2,3,49.05),
(134,7,3,122.82),
(135,1,4,57.61),
(135,7,4,122.82),
(135,8,1,208.09),
(136,1,2,57.61),
(136,3,4,30.25),
(136,7,4,122.82),
(136,15,4,33.15),
(137,1,3,57.61),
(137,18,1,60.79),
(137,21,2,18.15),
(138,4,1,26.74),
(138,17,4,148.13),
(139,6,1,113.14),
(139,11,2,17.31),
(139,20,3,100.52),
(140,3,2,30.25),
(140,16,3,50.75),
(141,5,2,104.49),
(141,8,2,208.09),
(141,9,3,82.26),
(141,11,3,17.31),
(142,5,4,104.49),
(142,9,2,82.26),
(143,7,3,122.82),
(144,1,3,57.61),
(144,6,4,113.14),
(144,17,1,148.13),
(144,21,3,18.15),
(145,3,3,30.25),
(145,4,1,26.74),
(145,17,1,148.13),
(146,14,2,21.16),
(146,19,1,66.77),
(146,21,3,18.15),
(147,2,4,49.05),
(147,14,3,21.16),
(148,13,1,65.95),
(148,15,2,33.15),
(148,19,3,66.77),
(148,21,4,18.15),
(149,8,3,208.09),
(150,9,2,82.26),
(150,12,1,58.36),
(150,15,4,33.15),
(150,19,3,66.77),
(151,3,4,30.25),
(151,6,2,113.14),
(152,2,3,49.05),
(152,11,4,17.31),
(152,17,2,148.13),
(153,2,1,49.05),
(154,3,3,30.25),
(154,11,3,17.31),
(154,14,3,21.16),
(154,21,2,18.15),
(155,2,1,49.05),
(155,5,2,104.49),
(155,8,4,208.09),
(156,17,2,148.13),
(157,20,2,100.52),
(158,2,1,49.05),
(158,12,1,58.36),
(158,15,1,33.15),
(159,11,1,17.31),
(159,21,4,18.15),
(160,15,4,33.15),
(160,18,3,60.79),
(161,1,2,57.61),
(161,11,4,17.31),
(161,19,1,66.77),
(162,3,1,30.25),
(163,17,1,148.13),
(164,4,3,26.74),
(165,12,2,58.36),
(165,13,3,65.95),
(166,11,1,17.31),
(167,15,1,33.15),
(168,19,3,66.77),
(169,2,2,49.05),
(169,9,1,82.26),
(170,9,1,82.26),
(170,11,4,17.31),
(170,19,2,66.77),
(171,5,1,104.49),
(171,6,4,113.14),
(171,16,4,50.75),
(172,13,3,65.95),
(172,18,4,60.79),
(172,20,4,100.52),
(173,21,1,18.15),
(174,4,2,26.74),
(174,8,2,208.09),
(174,12,3,58.36),
(174,13,1,65.95),
(175,15,1,33.15),
(176,1,1,57.61),
(177,8,2,208.09),
(177,9,2,82.26),
(177,17,2,148.13),
(177,19,1,66.77),
(178,9,2,82.26),
(178,13,2,65.95),
(178,15,3,33.15),
(179,13,4,65.95),
(179,14,4,21.16),
(179,16,4,50.75),
(180,5,3,104.49),
(181,3,3,30.25),
(181,19,4,66.77),
(182,3,3,30.25),
(183,17,2,148.13),
(184,2,2,49.05),
(185,6,3,113.14),
(185,11,2,17.31),
(185,16,2,50.75),
(186,7,1,122.82),
(186,11,2,17.31),
(186,18,2,60.79),
(187,6,1,113.14),
(187,20,1,100.52),
(188,2,4,49.05),
(188,4,1,26.74),
(188,16,2,50.75),
(188,19,4,66.77),
(189,2,4,49.05),
(189,14,3,21.16),
(189,15,4,33.15),
(189,19,1,66.77),
(190,7,3,122.82),
(191,15,2,33.15),
(191,21,2,18.15),
(192,12,2,58.36),
(192,15,4,33.15),
(193,5,4,104.49),
(193,18,1,60.79),
(194,1,3,57.61),
(194,4,2,26.74),
(194,11,1,17.31),
(194,13,1,65.95),
(195,3,4,30.25),
(196,2,2,49.05),
(197,4,1,26.74),
(197,8,2,208.09),
(197,12,3,58.36),
(197,17,4,148.13),
(198,9,3,82.26),
(199,2,2,49.05),
(199,3,4,30.25),
(199,12,3,58.36),
(199,18,1,60.79),
(200,4,3,26.74),
(200,15,3,33.15),
(201,1,3,57.61),
(201,4,1,26.74),
(201,17,4,148.13),
(201,18,4,60.79),
(202,7,3,122.82),
(202,13,2,65.95),
(202,21,1,18.15),
(203,2,1,49.05),
(203,5,3,104.49),
(203,14,4,21.16),
(203,16,1,50.75),
(204,2,2,49.05),
(204,8,2,208.09),
(204,20,1,100.52),
(205,2,4,49.05),
(205,3,3,30.25),
(205,17,4,148.13),
(205,19,4,66.77),
(206,7,2,122.82),
(206,18,2,60.79),
(207,7,1,122.82),
(207,16,1,50.75),
(208,5,2,104.49),
(208,9,4,82.26),
(209,3,1,30.25),
(209,6,1,113.14),
(209,11,3,17.31),
(210,3,2,30.25),
(210,5,2,104.49),
(210,12,2,58.36),
(211,4,3,26.74),
(211,11,3,17.31),
(211,17,4,148.13),
(212,1,2,57.61),
(212,7,1,122.82),
(212,9,1,82.26),
(212,13,2,65.95),
(213,13,2,65.95),
(213,19,2,66.77),
(214,2,1,49.05),
(214,5,1,104.49),
(214,9,1,82.26),
(214,13,2,65.95),
(215,1,3,57.61),
(215,11,4,17.31),
(215,12,3,58.36),
(215,21,4,18.15),
(216,1,4,57.61),
(216,9,1,82.26),
(216,17,3,148.13),
(216,20,1,100.52),
(217,5,3,104.49),
(217,9,1,82.26),
(217,13,4,65.95),
(217,21,2,18.15),
(218,16,1,50.75),
(219,3,3,30.25),
(219,5,3,104.49),
(219,6,2,113.14),
(219,8,3,208.09),
(220,2,3,49.05),
(220,11,3,17.31),
(220,14,1,21.16),
(220,15,4,33.15),
(221,8,2,208.09),
(222,5,3,104.49),
(222,16,1,50.75),
(223,21,2,18.15),
(224,11,4,17.31),
(225,17,4,148.13),
(225,19,3,66.77),
(226,5,2,104.49),
(227,8,1,208.09),
(227,13,1,65.95),
(227,17,1,148.13),
(228,6,1,113.14),
(228,8,3,208.09),
(229,7,2,122.82),
(229,9,2,82.26),
(229,12,2,58.36),
(229,20,3,100.52),
(230,18,1,60.79),
(230,21,1,18.15),
(231,1,2,57.61),
(231,18,3,60.79),
(232,2,1,49.05),
(232,13,3,65.95),
(232,15,2,33.15),
(232,19,3,66.77),
(233,3,2,30.25),
(233,13,2,65.95),
(233,21,2,18.15),
(234,13,2,65.95),
(235,3,3,30.25),
(235,9,2,82.26),
(235,13,4,65.95),
(235,18,2,60.79),
(236,1,4,57.61),
(236,7,3,122.82),
(236,18,4,60.79),
(237,4,3,26.74),
(237,12,2,58.36),
(237,17,4,148.13),
(238,20,2,100.52),
(239,6,1,113.14),
(239,17,3,148.13),
(239,21,4,18.15),
(240,5,3,104.49),
(241,13,3,65.95),
(242,6,2,113.14),
(242,13,2,65.95),
(243,3,2,30.25),
(243,6,1,113.14),
(243,7,1,122.82),
(244,3,2,30.25),
(244,7,3,122.82),
(244,18,3,60.79),
(245,16,4,50.75),
(245,21,1,18.15),
(246,5,1,104.49),
(246,14,4,21.16),
(246,16,2,50.75),
(247,11,4,17.31),
(247,19,1,66.77),
(248,8,1,208.09),
(248,11,2,17.31),
(249,9,2,82.26),
(250,2,3,49.05),
(250,7,4,122.82),
(251,2,2,49.05),
(251,7,4,122.82),
(251,15,2,33.15),
(251,16,4,50.75),
(252,12,2,58.36),
(253,1,1,57.61),
(253,16,1,50.75),
(253,17,2,148.13),
(254,7,3,122.82),
(255,1,3,57.61),
(255,7,1,122.82),
(256,2,1,49.05),
(256,3,2,30.25),
(256,7,4,122.82),
(257,5,2,104.49),
(257,9,2,82.26),
(258,5,4,104.49),
(258,8,3,208.09),
(258,16,2,50.75),
(258,19,1,66.77),
(259,2,3,49.05),
(259,5,1,104.49),
(259,12,2,58.36),
(260,17,4,148.13),
(261,5,2,104.49),
(261,6,3,113.14),
(261,11,1,17.31),
(261,17,1,148.13),
(262,2,3,49.05),
(262,21,1,18.15),
(263,12,3,58.36),
(264,4,4,26.74),
(264,7,3,122.82),
(265,2,1,49.05),
(265,6,4,113.14),
(265,9,4,82.26),
(265,16,3,50.75),
(266,6,4,113.14),
(266,14,1,21.16),
(266,16,1,50.75),
(266,19,4,66.77),
(267,6,4,113.14),
(268,3,4,30.25),
(268,5,2,104.49),
(269,8,3,208.09),
(269,13,2,65.95),
(269,14,3,21.16),
(270,5,3,104.49),
(270,15,2,33.15),
(271,17,1,148.13),
(272,15,1,33.15),
(272,21,2,18.15),
(273,4,2,26.74),
(273,11,4,17.31),
(273,21,1,18.15),
(274,5,1,104.49),
(274,8,1,208.09),
(274,16,2,50.75),
(274,21,2,18.15),
(275,16,3,50.75),
(276,6,3,113.14),
(276,15,2,33.15),
(277,2,2,49.05),
(277,9,2,82.26),
(277,13,4,65.95),
(277,16,4,50.75),
(278,2,4,49.05),
(278,3,1,30.25),
(278,11,1,17.31),
(278,16,3,50.75),
(279,7,1,122.82),
(280,5,4,104.49),
(280,14,4,21.16),
(280,15,1,33.15),
(280,18,4,60.79),
(281,3,2,30.25),
(281,17,1,148.13),
(281,18,1,60.79),
(282,5,1,104.49),
(282,6,2,113.14),
(282,7,4,122.82),
(283,14,1,21.16),
(283,16,4,50.75),
(283,21,2,18.15),
(284,7,1,122.82),
(285,9,1,82.26),
(285,21,4,18.15),
(286,16,2,50.75),
(287,2,4,49.05),
(287,6,1,113.14),
(287,7,4,122.82),
(288,14,4,21.16),
(289,14,1,21.16),
(289,17,4,148.13),
(290,6,2,113.14),
(290,13,2,65.95),
(290,19,2,66.77),
(291,13,2,65.95),
(292,5,2,104.49),
(292,11,4,17.31),
(292,13,3,65.95),
(293,6,2,113.14),
(293,20,4,100.52),
(294,4,1,26.74),
(294,8,1,208.09),
(294,14,2,21.16),
(294,19,2,66.77),
(295,6,1,113.14),
(295,14,1,21.16),
(296,5,1,104.49),
(296,7,2,122.82),
(296,17,4,148.13),
(296,20,4,100.52),
(297,18,3,60.79),
(298,12,2,58.36),
(298,17,1,148.13),
(299,8,1,208.09),
(300,3,1,30.25),
(301,4,4,26.74),
(302,14,2,21.16),
(302,17,2,148.13),
(303,14,2,21.16),
(303,18,3,60.79),
(304,2,3,49.05),
(304,15,4,33.15),
(304,16,3,50.75),
(304,17,2,148.13),
(305,1,4,57.61),
(305,4,1,26.74),
(305,12,3,58.36),
(305,17,2,148.13),
(306,2,1,49.05),
(307,3,4,30.25),
(308,3,2,30.25),
(309,1,2,57.61),
(309,3,1,30.25),
(309,14,2,21.16),
(310,4,1,26.74),
(310,18,3,60.79),
(311,15,4,33.15),
(311,17,3,148.13),
(311,20,3,100.52),
(311,21,4,18.15),
(312,16,2,50.75),
(313,12,2,58.36),
(313,14,1,21.16),
(314,1,2,57.61),
(314,8,2,208.09),
(314,13,3,65.95),
(315,2,1,49.05),
(315,7,4,122.82),
(315,12,3,58.36),
(316,7,3,122.82),
(316,8,1,208.09),
(316,11,4,17.31),
(316,12,2,58.36),
(317,12,4,58.36),
(317,15,4,33.15),
(318,1,4,57.61),
(318,12,1,58.36),
(318,15,1,33.15),
(319,16,4,50.75),
(320,3,2,30.25),
(320,4,4,26.74),
(320,20,2,100.52),
(321,14,4,21.16),
(321,16,2,50.75),
(322,4,2,26.74),
(322,7,2,122.82),
(322,15,1,33.15),
(322,20,3,100.52),
(323,4,2,26.74),
(323,14,1,21.16),
(323,15,3,33.15),
(323,18,1,60.79),
(324,1,1,57.61),
(324,16,4,50.75),
(324,17,4,148.13),
(324,19,1,66.77),
(325,5,3,104.49),
(325,17,3,148.13),
(325,19,1,66.77),
(326,4,1,26.74),
(327,1,4,57.61),
(327,14,1,21.16),
(327,15,2,33.15),
(328,4,4,26.74),
(328,5,4,104.49),
(328,8,3,208.09),
(328,15,1,33.15),
(329,6,4,113.14),
(329,15,4,33.15),
(330,4,4,26.74),
(330,18,3,60.79),
(331,4,2,26.74),
(331,7,1,122.82),
(331,14,3,21.16),
(331,16,4,50.75),
(332,14,1,21.16),
(332,17,3,148.13),
(332,18,2,60.79),
(333,5,3,104.49),
(333,8,3,208.09),
(333,11,4,17.31),
(334,21,3,18.15),
(335,2,4,49.05),
(335,16,3,50.75),
(336,1,3,57.61),
(336,13,2,65.95),
(336,20,1,100.52),
(336,21,3,18.15),
(337,7,4,122.82),
(337,8,1,208.09),
(338,3,1,30.25),
(338,7,2,122.82),
(338,8,1,208.09),
(338,21,1,18.15),
(339,17,4,148.13),
(340,11,1,17.31),
(340,18,2,60.79),
(340,20,4,100.52),
(341,5,3,104.49),
(341,9,4,82.26),
(341,19,4,66.77),
(341,21,3,18.15),
(342,2,2,49.05),
(342,6,4,113.14),
(343,1,3,57.61),
(343,8,4,208.09),
(343,12,2,58.36),
(343,15,2,33.15),
(344,2,3,49.05),
(344,5,2,104.49),
(344,6,1,113.14),
(344,15,1,33.15),
(345,4,3,26.74),
(345,5,3,104.49),
(346,5,2,104.49),
(347,8,3,208.09),
(347,15,2,33.15),
(348,1,2,57.61),
(348,12,4,58.36),
(348,14,3,21.16),
(349,1,1,57.61),
(349,6,3,113.14),
(349,9,1,82.26),
(350,2,4,49.05),
(350,12,4,58.36),
(351,9,1,82.26),
(351,19,1,66.77),
(352,2,2,49.05),
(352,5,2,104.49),
(352,13,4,65.95),
(352,16,3,50.75),
(353,11,1,17.31),
(353,21,3,18.15),
(354,1,1,57.61),
(355,2,1,49.05),
(355,6,4,113.14),
(355,14,2,21.16),
(355,21,1,18.15),
(356,2,1,49.05),
(356,3,2,30.25),
(356,6,2,113.14),
(356,18,1,60.79),
(357,8,2,208.09),
(357,9,2,82.26),
(357,12,2,58.36),
(357,16,4,50.75),
(358,2,2,49.05),
(358,3,3,30.25),
(358,9,2,82.26),
(358,19,4,66.77),
(359,4,2,26.74),
(360,12,4,58.36),
(360,17,3,148.13),
(361,5,2,104.49),
(362,11,4,17.31),
(363,8,1,208.09),
(364,7,3,122.82),
(364,8,4,208.09),
(364,14,1,21.16),
(364,19,3,66.77),
(365,13,1,65.95),
(366,3,3,30.25),
(366,18,1,60.79),
(366,19,2,66.77),
(367,1,1,57.61),
(368,13,2,65.95),
(368,14,1,21.16),
(369,9,1,82.26),
(369,14,3,21.16),
(369,17,4,148.13),
(370,1,1,57.61),
(370,2,4,49.05),
(370,14,3,21.16),
(371,3,3,30.25),
(371,9,2,82.26),
(371,21,2,18.15),
(372,3,1,30.25),
(372,16,3,50.75),
(373,2,1,49.05),
(373,5,2,104.49),
(373,13,1,65.95),
(373,20,2,100.52),
(374,2,1,49.05),
(374,3,4,30.25),
(374,11,3,17.31),
(375,5,3,104.49),
(375,17,4,148.13),
(375,19,3,66.77),
(375,20,1,100.52),
(376,1,2,57.61),
(376,6,3,113.14),
(376,15,3,33.15),
(377,8,1,208.09),
(377,12,2,58.36),
(378,4,1,26.74),
(378,13,4,65.95),
(379,5,3,104.49),
(379,8,4,208.09),
(379,9,4,82.26),
(379,11,1,17.31),
(380,11,2,17.31),
(381,7,1,122.82),
(381,9,4,82.26),
(382,6,4,113.14),
(383,12,3,58.36),
(383,18,1,60.79),
(383,20,3,100.52),
(384,12,2,58.36),
(384,18,2,60.79),
(385,4,2,26.74),
(385,8,3,208.09),
(386,1,2,57.61),
(386,2,4,49.05),
(386,5,2,104.49),
(386,6,3,113.14),
(387,1,3,57.61),
(388,15,1,33.15),
(388,18,4,60.79),
(388,21,1,18.15),
(389,1,4,57.61),
(390,9,3,82.26),
(390,11,2,17.31),
(390,20,4,100.52),
(391,1,1,57.61),
(391,13,1,65.95),
(391,14,1,21.16),
(391,19,2,66.77),
(392,1,3,57.61),
(392,2,2,49.05),
(392,4,1,26.74),
(392,13,4,65.95),
(393,4,1,26.74),
(393,6,2,113.14),
(393,7,4,122.82),
(394,11,4,17.31),
(394,12,4,58.36),
(394,19,1,66.77),
(395,1,1,57.61),
(395,9,3,82.26),
(395,14,2,21.16),
(395,21,4,18.15),
(396,13,1,65.95),
(396,16,1,50.75),
(396,19,2,66.77),
(397,16,4,50.75),
(398,14,3,21.16),
(398,15,3,33.15),
(399,1,2,57.61),
(399,9,1,82.26),
(400,11,1,17.31),
(401,6,3,113.14),
(402,3,2,30.25),
(402,12,1,58.36),
(402,14,1,21.16),
(402,15,1,33.15),
(403,1,2,57.61),
(403,6,4,113.14),
(404,7,1,122.82),
(405,12,2,58.36),
(405,16,1,50.75),
(405,18,1,60.79),
(406,3,3,30.25),
(407,5,2,104.49),
(407,13,3,65.95),
(407,14,3,21.16),
(407,21,3,18.15),
(408,3,4,30.25),
(408,5,3,104.49),
(408,14,1,21.16),
(408,21,1,18.15),
(409,4,2,26.74),
(409,17,1,148.13),
(409,19,1,66.77),
(410,6,3,113.14),
(410,20,3,100.52),
(411,3,2,30.25),
(411,9,3,82.26),
(411,13,1,65.95),
(411,19,2,66.77),
(412,12,2,58.36),
(413,7,4,122.82),
(413,8,1,208.09),
(413,17,1,148.13),
(414,13,3,65.95),
(415,16,4,50.75),
(415,19,3,66.77),
(416,4,2,26.74),
(416,8,4,208.09),
(416,17,3,148.13),
(417,17,4,148.13),
(418,3,3,30.25),
(418,8,3,208.09),
(418,15,4,33.15),
(419,7,1,122.82),
(420,17,4,148.13),
(421,5,2,104.49),
(421,6,4,113.14),
(422,12,1,58.36),
(422,14,3,21.16),
(423,8,3,208.09),
(423,11,2,17.31),
(423,13,3,65.95),
(423,20,2,100.52),
(424,3,3,30.25),
(424,6,2,113.14),
(425,20,4,100.52),
(426,1,4,57.61),
(426,5,2,104.49),
(426,6,3,113.14),
(427,5,1,104.49),
(427,11,1,17.31),
(427,18,4,60.79),
(427,21,2,18.15),
(428,2,2,49.05),
(428,4,1,26.74),
(428,5,2,104.49),
(428,21,1,18.15),
(429,3,2,30.25),
(429,4,4,26.74),
(429,11,4,17.31),
(429,17,2,148.13),
(430,5,1,104.49),
(430,15,3,33.15),
(430,20,3,100.52),
(431,13,4,65.95),
(432,17,4,148.13),
(432,20,1,100.52),
(432,21,4,18.15),
(433,1,3,57.61),
(433,8,3,208.09),
(434,14,3,21.16),
(435,15,1,33.15),
(436,2,1,49.05),
(436,6,2,113.14),
(436,16,3,50.75),
(437,5,3,104.49),
(437,20,1,100.52),
(438,1,1,57.61),
(438,6,2,113.14),
(438,17,3,148.13),
(438,21,3,18.15),
(439,15,4,33.15),
(439,20,1,100.52),
(440,1,3,57.61),
(440,9,2,82.26),
(440,12,2,58.36),
(440,16,1,50.75),
(441,2,1,49.05),
(442,3,2,30.25),
(442,13,3,65.95),
(442,15,4,33.15),
(442,18,2,60.79),
(443,21,3,18.15),
(444,15,2,33.15),
(444,19,1,66.77),
(445,14,1,21.16),
(446,17,3,148.13),
(447,11,4,17.31),
(448,2,1,49.05),
(448,6,2,113.14),
(448,18,1,60.79),
(449,2,3,49.05),
(449,13,1,65.95),
(449,14,3,21.16),
(449,21,4,18.15),
(450,17,4,148.13),
(451,4,3,26.74),
(451,15,3,33.15),
(451,18,2,60.79),
(452,7,2,122.82),
(452,9,1,82.26),
(453,11,4,17.31),
(453,12,1,58.36),
(453,13,2,65.95),
(454,1,4,57.61),
(454,11,4,17.31),
(454,18,3,60.79),
(455,15,1,33.15),
(455,17,2,148.13),
(456,17,2,148.13),
(457,8,2,208.09),
(457,11,3,17.31),
(457,14,2,21.16),
(458,7,3,122.82),
(458,15,2,33.15),
(459,6,2,113.14),
(460,13,4,65.95),
(460,19,2,66.77),
(461,2,2,49.05),
(461,11,4,17.31),
(461,20,3,100.52),
(461,21,1,18.15),
(462,3,1,30.25),
(462,7,3,122.82),
(463,4,2,26.74),
(463,6,1,113.14),
(463,19,4,66.77),
(464,3,3,30.25),
(464,4,1,26.74),
(464,8,2,208.09),
(464,12,1,58.36),
(465,17,1,148.13),
(466,21,1,18.15),
(467,9,1,82.26),
(467,17,3,148.13),
(467,19,1,66.77),
(468,3,3,30.25),
(468,9,2,82.26),
(469,3,2,30.25),
(469,4,3,26.74),
(469,18,4,60.79),
(470,16,1,50.75),
(470,20,3,100.52),
(471,12,3,58.36),
(472,2,1,49.05),
(473,2,1,49.05),
(473,5,4,104.49),
(473,19,4,66.77),
(473,21,1,18.15),
(474,14,1,21.16),
(474,17,4,148.13),
(474,21,4,18.15),
(475,14,1,21.16),
(475,20,4,100.52),
(476,14,4,21.16),
(477,3,3,30.25),
(477,20,1,100.52),
(477,21,1,18.15),
(478,17,1,148.13),
(479,4,2,26.74),
(480,6,3,113.14),
(480,8,3,208.09),
(480,13,1,65.95),
(481,8,3,208.09),
(481,16,2,50.75),
(482,11,3,17.31),
(482,12,3,58.36),
(482,15,3,33.15),
(482,20,1,100.52),
(483,18,1,60.79),
(484,11,2,17.31),
(485,7,4,122.82),
(486,7,4,122.82),
(487,14,1,21.16),
(488,5,3,104.49),
(488,17,4,148.13),
(489,7,4,122.82),
(489,19,4,66.77),
(490,6,4,113.14),
(491,6,4,113.14),
(492,20,2,100.52),
(493,7,3,122.82),
(493,12,3,58.36),
(494,9,2,82.26),
(494,11,1,17.31),
(494,13,1,65.95),
(494,19,1,66.77),
(495,13,4,65.95),
(495,16,3,50.75),
(496,1,2,57.61),
(497,6,4,113.14),
(497,20,2,100.52),
(498,4,1,26.74),
(498,12,1,58.36),
(498,16,3,50.75),
(499,2,3,49.05),
(500,8,3,208.09),
(500,16,4,50.75),
(500,19,4,66.77),
(501,5,3,104.49),
(501,8,1,208.09),
(501,21,1,18.15),
(502,3,3,30.25),
(503,12,2,58.36),
(504,5,3,104.49),
(504,11,4,17.31),
(504,12,1,58.36),
(504,18,1,60.79),
(505,2,2,49.05),
(505,7,1,122.82),
(505,11,1,17.31),
(505,15,1,33.15),
(506,2,1,49.05),
(506,18,1,60.79),
(507,11,2,17.31),
(508,4,1,26.74),
(508,5,1,104.49),
(508,21,1,18.15),
(509,13,3,65.95),
(510,15,4,33.15),
(511,16,4,50.75),
(512,2,3,49.05),
(512,4,1,26.74),
(512,11,2,17.31),
(512,16,1,50.75),
(513,2,1,49.05),
(513,9,4,82.26),
(513,13,2,65.95),
(514,5,1,104.49),
(514,7,3,122.82),
(515,3,1,30.25),
(515,4,4,26.74),
(515,5,1,104.49),
(515,7,4,122.82),
(516,4,3,26.74),
(516,5,2,104.49),
(516,11,2,17.31),
(516,18,3,60.79),
(517,4,4,26.74),
(517,11,3,17.31),
(517,19,2,66.77),
(517,20,4,100.52),
(518,1,3,57.61),
(518,11,4,17.31),
(518,14,2,21.16),
(518,21,1,18.15),
(519,2,3,49.05),
(519,13,1,65.95),
(519,15,4,33.15),
(520,17,4,148.13),
(521,21,4,18.15),
(522,4,1,26.74),
(522,19,1,66.77),
(522,20,2,100.52),
(522,21,3,18.15),
(523,14,4,21.16),
(524,5,1,104.49),
(524,7,4,122.82),
(524,21,4,18.15),
(525,16,2,50.75),
(525,20,3,100.52),
(526,20,2,100.52),
(527,2,2,49.05),
(528,7,4,122.82),
(528,9,3,82.26),
(528,11,2,17.31),
(528,12,2,58.36),
(529,8,1,208.09),
(529,15,1,33.15),
(529,18,2,60.79),
(529,19,3,66.77),
(530,17,3,148.13),
(531,3,1,30.25),
(531,8,4,208.09),
(532,4,2,26.74),
(532,6,3,113.14),
(533,4,3,26.74),
(533,16,3,50.75),
(533,17,4,148.13),
(534,4,1,26.74),
(534,21,1,18.15),
(535,1,3,57.61),
(535,14,4,21.16),
(535,20,3,100.52),
(536,4,3,26.74),
(536,14,2,21.16),
(536,18,4,60.79),
(536,19,1,66.77),
(537,6,3,113.14),
(537,9,4,82.26),
(537,13,3,65.95),
(538,1,4,57.61),
(538,8,4,208.09),
(538,11,2,17.31),
(539,6,1,113.14),
(539,7,4,122.82),
(539,21,2,18.15),
(540,4,1,26.74),
(540,16,2,50.75),
(540,19,3,66.77),
(541,9,3,82.26),
(541,19,3,66.77),
(542,15,3,33.15),
(543,1,1,57.61),
(544,1,2,57.61),
(544,11,3,17.31),
(544,14,1,21.16),
(545,19,2,66.77),
(546,6,4,113.14),
(546,21,1,18.15),
(547,3,1,30.25),
(548,5,3,104.49),
(548,15,1,33.15),
(548,17,1,148.13),
(549,14,1,21.16),
(550,11,2,17.31),
(550,12,4,58.36),
(550,18,3,60.79),
(550,19,1,66.77),
(551,1,3,57.61),
(551,3,4,30.25),
(552,11,4,17.31),
(552,13,2,65.95),
(552,16,2,50.75),
(552,17,1,148.13),
(553,1,3,57.61),
(553,17,1,148.13),
(554,1,1,57.61),
(554,9,2,82.26),
(555,4,4,26.74),
(555,6,1,113.14),
(555,20,4,100.52),
(555,21,4,18.15),
(556,2,2,49.05),
(556,18,2,60.79),
(557,14,2,21.16),
(558,9,4,82.26),
(559,6,3,113.14),
(560,4,3,26.74),
(560,12,4,58.36),
(560,14,4,21.16),
(561,2,2,49.05),
(561,6,1,113.14),
(561,8,4,208.09),
(561,15,3,33.15),
(562,5,2,104.49),
(562,14,2,21.16),
(562,17,2,148.13),
(562,20,4,100.52),
(563,1,3,57.61),
(563,13,3,65.95),
(564,7,2,122.82),
(564,11,4,17.31),
(564,16,3,50.75),
(564,18,2,60.79),
(565,2,1,49.05),
(565,6,2,113.14),
(565,12,2,58.36),
(565,19,2,66.77),
(566,1,1,57.61),
(566,19,4,66.77),
(567,7,3,122.82),
(567,16,2,50.75),
(568,1,1,57.61),
(568,6,3,113.14),
(568,7,3,122.82),
(568,17,4,148.13),
(569,3,3,30.25),
(570,1,3,57.61),
(570,2,4,49.05),
(570,8,1,208.09),
(570,13,2,65.95),
(571,11,1,17.31),
(571,20,4,100.52),
(572,7,4,122.82),
(572,11,2,17.31),
(572,15,2,33.15),
(572,21,4,18.15),
(573,1,1,57.61),
(573,2,3,49.05),
(573,11,3,17.31),
(573,15,4,33.15),
(574,5,1,104.49),
(574,7,3,122.82),
(574,14,3,21.16),
(575,5,3,104.49),
(575,18,1,60.79),
(576,12,4,58.36),
(577,6,3,113.14),
(577,16,4,50.75),
(577,20,1,100.52),
(578,3,2,30.25),
(578,8,3,208.09),
(578,17,1,148.13),
(578,18,3,60.79),
(579,5,1,104.49),
(579,21,3,18.15),
(580,14,4,21.16),
(581,7,2,122.82),
(581,8,4,208.09),
(582,5,4,104.49),
(582,14,3,21.16),
(582,20,4,100.52),
(583,3,3,30.25),
(583,7,3,122.82),
(583,19,4,66.77),
(584,3,4,30.25),
(584,6,3,113.14),
(584,11,1,17.31),
(584,12,1,58.36),
(585,4,1,26.74),
(585,14,3,21.16),
(585,15,1,33.15),
(586,4,1,26.74),
(586,8,2,208.09),
(586,9,1,82.26),
(586,18,3,60.79),
(587,16,3,50.75),
(587,17,3,148.13),
(588,1,1,57.61),
(588,6,1,113.14),
(588,18,3,60.79),
(589,7,2,122.82),
(589,11,1,17.31),
(589,19,1,66.77),
(589,21,2,18.15),
(590,1,4,57.61),
(590,4,1,26.74),
(590,12,1,58.36),
(590,14,4,21.16),
(591,13,1,65.95),
(591,15,4,33.15),
(591,17,3,148.13),
(592,1,2,57.61),
(593,18,1,60.79),
(594,16,4,50.75),
(594,21,2,18.15),
(595,6,3,113.14),
(595,15,2,33.15),
(595,20,4,100.52),
(596,4,2,26.74),
(596,13,2,65.95),
(596,15,4,33.15),
(596,21,3,18.15),
(597,1,2,57.61),
(597,7,1,122.82),
(597,15,3,33.15),
(598,2,3,49.05),
(598,7,4,122.82),
(598,17,3,148.13),
(598,19,3,66.77),
(599,2,4,49.05),
(599,16,1,50.75),
(599,21,4,18.15),
(600,18,2,60.79),
(601,18,1,60.79);
/*!40000 ALTER TABLE `detalles_pedido` ENABLE KEYS */;
UNLOCK TABLES;
COMMIT;
SET AUTOCOMMIT=@OLD_AUTOCOMMIT;

--
-- Table structure for table `movimientos_inventario`
--

DROP TABLE IF EXISTS `movimientos_inventario`;
/*!40101 SET @saved_cs_client     = @@character_set_client */;
/*!40101 SET character_set_client = utf8mb4 */;
CREATE TABLE `movimientos_inventario` (
  `id` int(11) NOT NULL AUTO_INCREMENT,
  `producto_id` int(11) NOT NULL,
  `tipo_movimiento` enum('ENTRADA','SALIDA') NOT NULL,
  `cantidad` int(11) NOT NULL,
  `fecha_movimiento` timestamp NOT NULL DEFAULT current_timestamp(),
  `notas` varchar(255) DEFAULT NULL,
  PRIMARY KEY (`id`),
  KEY `producto_id` (`producto_id`),
  CONSTRAINT `movimientos_inventario_ibfk_1` FOREIGN KEY (`producto_id`) REFERENCES `productos` (`id`)
) ENGINE=InnoDB AUTO_INCREMENT=153 DEFAULT CHARSET=utf8mb4 COLLATE=utf8mb4_unicode_ci;
/*!40101 SET character_set_client = @saved_cs_client */;

--
-- Dumping data for table `movimientos_inventario`
--

SET @OLD_AUTOCOMMIT=@@AUTOCOMMIT, @@AUTOCOMMIT=0;
LOCK TABLES `movimientos_inventario` WRITE;
/*!40000 ALTER TABLE `movimientos_inventario` DISABLE KEYS */;
INSERT INTO `movimientos_inventario` VALUES
(1,8,'ENTRADA',10,'2026-03-04 18:30:36','Compra a Pveedor - Costo: 1664.7€'),
(2,17,'ENTRADA',25,'2026-03-05 15:07:56','Compra a Pveedor - Costo: 2962.5€'),
(3,17,'ENTRADA',19,'2026-03-26 04:29:58','Compra a Finsa - Costo: 2251.5€'),
(4,18,'ENTRADA',14,'2026-02-26 13:34:32','Compra a Finsa - Costo: 680.82€'),
(5,15,'ENTRADA',46,'2025-11-03 09:49:33','Compra a Finsa - Costo: 1219.92€'),
(6,5,'ENTRADA',24,'2025-07-20 19:28:01','Compra a Graphenstone - Costo: 2006.16€'),
(7,17,'ENTRADA',19,'2025-10-13 12:14:00','Compra a Finsa - Costo: 2251.5€'),
(8,6,'ENTRADA',36,'2025-07-22 01:26:11','Compra a Graphenstone - Costo: 3258.36€'),
(9,16,'ENTRADA',39,'2025-10-08 14:05:10','Compra a Finsa - Costo: 1583.4€'),
(10,7,'ENTRADA',15,'2026-02-23 06:31:26','Compra a Graphenstone - Costo: 1473.9€'),
(11,7,'ENTRADA',23,'2026-04-03 21:53:46','Compra a Graphenstone - Costo: 2259.98€'),
(12,13,'ENTRADA',39,'2026-01-07 13:05:58','Compra a Oropal - Costo: 2057.64€'),
(13,8,'ENTRADA',49,'2025-05-24 10:35:38','Compra a Graphenstone - Costo: 8157.03€'),
(14,9,'ENTRADA',49,'2025-08-12 01:31:05','Compra a KEIM - Costo: 3224.69€'),
(15,7,'ENTRADA',49,'2025-05-13 09:44:28','Compra a Graphenstone - Costo: 4814.74€'),
(16,11,'ENTRADA',24,'2025-10-21 05:52:36','Compra a KEIM - Costo: 332.4€'),
(17,11,'ENTRADA',11,'2025-08-09 10:40:10','Compra a KEIM - Costo: 152.35€'),
(18,15,'ENTRADA',16,'2026-04-08 04:46:14','Compra a Finsa - Costo: 424.32€'),
(19,5,'ENTRADA',12,'2025-05-16 04:25:29','Compra a Graphenstone - Costo: 1003.08€'),
(20,19,'ENTRADA',49,'2025-10-05 22:15:53','Compra a Finsa - Costo: 2617.58€'),
(21,3,'ENTRADA',14,'2026-02-22 00:55:01','Compra a Black+Decker - Costo: 338.8€'),
(22,12,'ENTRADA',30,'2025-08-01 14:34:26','Compra a KEIM - Costo: 1400.7€'),
(23,4,'ENTRADA',39,'2026-01-22 14:53:38','Compra a FirstGreen - Costo: 834.21€'),
(24,2,'ENTRADA',18,'2025-09-21 17:36:11','Compra a Black+Decker - Costo: 706.32€'),
(25,19,'ENTRADA',50,'2025-11-19 19:28:33','Compra a Finsa - Costo: 2671.0€'),
(26,3,'ENTRADA',45,'2026-04-14 04:13:33','Compra a Black+Decker - Costo: 1089.0€'),
(27,3,'ENTRADA',45,'2025-10-22 06:08:47','Compra a Black+Decker - Costo: 1089.0€'),
(28,6,'ENTRADA',20,'2025-10-25 07:29:33','Compra a Graphenstone - Costo: 1810.2€'),
(29,11,'ENTRADA',35,'2026-04-06 18:03:13','Compra a KEIM - Costo: 484.75€'),
(30,9,'ENTRADA',47,'2025-08-08 19:03:44','Compra a KEIM - Costo: 3093.07€'),
(31,5,'ENTRADA',26,'2026-03-13 23:52:07','Compra a Graphenstone - Costo: 2173.34€'),
(32,15,'ENTRADA',39,'2026-01-05 07:53:27','Compra a Finsa - Costo: 1034.28€'),
(33,9,'ENTRADA',33,'2026-04-13 19:07:39','Compra a KEIM - Costo: 2171.73€'),
(34,17,'ENTRADA',23,'2026-04-13 14:29:37','Compra a Finsa - Costo: 2725.5€'),
(35,11,'ENTRADA',40,'2025-11-29 19:21:22','Compra a KEIM - Costo: 554.0€'),
(36,14,'ENTRADA',31,'2026-01-25 03:33:04','Compra a Oropal - Costo: 524.83€'),
(37,13,'ENTRADA',40,'2026-01-27 17:34:22','Compra a Oropal - Costo: 2110.4€'),
(38,15,'ENTRADA',42,'2025-07-21 17:00:37','Compra a Finsa - Costo: 1113.84€'),
(39,12,'ENTRADA',43,'2026-01-15 06:50:14','Compra a KEIM - Costo: 2007.67€'),
(40,3,'ENTRADA',31,'2025-05-08 04:07:37','Compra a Black+Decker - Costo: 750.2€'),
(41,16,'ENTRADA',32,'2025-12-07 04:58:52','Compra a Finsa - Costo: 1299.2€'),
(42,14,'ENTRADA',50,'2025-09-10 19:30:14','Compra a Oropal - Costo: 846.5€'),
(43,7,'ENTRADA',44,'2025-09-26 06:19:15','Compra a Graphenstone - Costo: 4323.44€'),
(44,18,'ENTRADA',14,'2026-04-19 23:40:06','Compra a Finsa - Costo: 680.82€'),
(45,11,'ENTRADA',42,'2025-10-16 05:18:51','Compra a KEIM - Costo: 581.7€'),
(46,17,'ENTRADA',37,'2025-12-10 01:01:59','Compra a Finsa - Costo: 4384.5€'),
(47,16,'ENTRADA',12,'2026-04-20 07:33:53','Compra a Finsa - Costo: 487.2€'),
(48,12,'ENTRADA',20,'2026-03-31 02:44:41','Compra a KEIM - Costo: 933.8€'),
(49,11,'ENTRADA',31,'2026-02-07 01:29:21','Compra a KEIM - Costo: 429.35€'),
(50,20,'ENTRADA',19,'2026-01-26 15:28:34','Compra a Finsa - Costo: 1527.98€'),
(51,14,'ENTRADA',44,'2025-09-17 08:09:37','Compra a Oropal - Costo: 744.92€'),
(52,20,'ENTRADA',19,'2025-10-07 15:21:34','Compra a Finsa - Costo: 1527.98€'),
(53,15,'ENTRADA',45,'2026-04-05 14:31:51','Compra a Finsa - Costo: 1193.4€'),
(54,5,'ENTRADA',10,'2026-03-14 12:23:39','Compra a Graphenstone - Costo: 835.9€'),
(55,15,'ENTRADA',20,'2025-08-01 05:28:34','Compra a Finsa - Costo: 530.4€'),
(56,1,'ENTRADA',24,'2025-05-19 14:27:39','Compra a Black+Decker - Costo: 1106.16€'),
(57,1,'ENTRADA',31,'2025-08-30 04:43:48','Compra a Black+Decker - Costo: 1428.79€'),
(58,20,'ENTRADA',20,'2025-06-02 09:47:03','Compra a Finsa - Costo: 1608.4€'),
(59,7,'ENTRADA',50,'2025-12-12 07:22:40','Compra a Graphenstone - Costo: 4913.0€'),
(60,8,'ENTRADA',50,'2025-06-10 20:14:52','Compra a Graphenstone - Costo: 8323.5€'),
(61,13,'ENTRADA',43,'2025-09-14 00:16:15','Compra a Oropal - Costo: 2268.68€'),
(62,3,'ENTRADA',27,'2026-04-22 17:29:01','Compra a Black+Decker - Costo: 653.4€'),
(63,5,'ENTRADA',17,'2025-08-30 13:21:13','Compra a Graphenstone - Costo: 1421.03€'),
(64,4,'ENTRADA',25,'2026-02-15 10:42:07','Compra a FirstGreen - Costo: 534.75€'),
(65,8,'ENTRADA',33,'2026-02-02 22:53:35','Compra a Graphenstone - Costo: 5493.51€'),
(66,4,'ENTRADA',13,'2026-03-04 01:26:11','Compra a FirstGreen - Costo: 278.07€'),
(67,16,'ENTRADA',45,'2025-06-21 23:55:03','Compra a Finsa - Costo: 1827.0€'),
(68,5,'ENTRADA',41,'2025-11-23 04:15:42','Compra a Graphenstone - Costo: 3427.19€'),
(69,17,'ENTRADA',33,'2025-06-16 11:05:54','Compra a Finsa - Costo: 3910.5€'),
(70,20,'ENTRADA',31,'2026-02-23 12:32:00','Compra a Finsa - Costo: 2493.02€'),
(71,17,'ENTRADA',23,'2025-08-13 03:33:48','Compra a Finsa - Costo: 2725.5€'),
(72,11,'ENTRADA',40,'2026-03-02 19:59:19','Compra a KEIM - Costo: 554.0€'),
(73,14,'ENTRADA',38,'2025-08-15 06:33:47','Compra a Oropal - Costo: 643.34€'),
(74,7,'ENTRADA',30,'2025-12-29 02:31:49','Compra a Graphenstone - Costo: 2947.8€'),
(75,8,'ENTRADA',22,'2025-07-18 15:30:16','Compra a Graphenstone - Costo: 3662.34€'),
(76,14,'ENTRADA',41,'2025-06-27 06:56:04','Compra a Oropal - Costo: 694.13€'),
(77,8,'ENTRADA',32,'2026-03-07 07:38:38','Compra a Graphenstone - Costo: 5327.04€'),
(78,9,'ENTRADA',19,'2025-12-17 03:54:56','Compra a KEIM - Costo: 1250.39€'),
(79,5,'ENTRADA',50,'2025-10-26 14:01:11','Compra a Graphenstone - Costo: 4179.5€'),
(80,9,'ENTRADA',43,'2025-08-13 06:45:01','Compra a KEIM - Costo: 2829.83€'),
(81,11,'ENTRADA',42,'2026-01-12 19:35:20','Compra a KEIM - Costo: 581.7€'),
(82,16,'ENTRADA',23,'2025-11-07 14:17:59','Compra a Finsa - Costo: 933.8€'),
(83,18,'ENTRADA',40,'2026-02-06 23:20:34','Compra a Finsa - Costo: 1945.2€'),
(84,6,'ENTRADA',47,'2025-05-10 06:33:06','Compra a Graphenstone - Costo: 4253.97€'),
(85,20,'ENTRADA',36,'2026-01-19 06:49:24','Compra a Finsa - Costo: 2895.12€'),
(86,13,'ENTRADA',16,'2025-10-07 20:10:47','Compra a Oropal - Costo: 844.16€'),
(87,20,'ENTRADA',13,'2026-01-07 20:57:13','Compra a Finsa - Costo: 1045.46€'),
(88,3,'ENTRADA',42,'2026-04-24 00:56:22','Compra a Black+Decker - Costo: 1016.4€'),
(89,19,'ENTRADA',44,'2025-05-26 15:10:39','Compra a Finsa - Costo: 2350.48€'),
(90,6,'ENTRADA',31,'2025-06-06 17:36:12','Compra a Graphenstone - Costo: 2805.81€'),
(91,4,'ENTRADA',22,'2025-12-23 22:09:44','Compra a FirstGreen - Costo: 470.58€'),
(92,20,'ENTRADA',33,'2025-05-12 20:05:25','Compra a Finsa - Costo: 2653.86€'),
(93,7,'ENTRADA',10,'2025-12-30 15:58:46','Compra a Graphenstone - Costo: 982.6€'),
(94,16,'ENTRADA',12,'2026-03-13 17:35:31','Compra a Finsa - Costo: 487.2€'),
(95,13,'ENTRADA',25,'2025-10-31 14:15:25','Compra a Oropal - Costo: 1319.0€'),
(96,8,'ENTRADA',29,'2025-09-10 18:37:13','Compra a Graphenstone - Costo: 4827.63€'),
(97,13,'ENTRADA',41,'2026-02-23 15:57:37','Compra a Oropal - Costo: 2163.16€'),
(98,7,'ENTRADA',35,'2025-09-29 09:51:33','Compra a Graphenstone - Costo: 3439.1€'),
(99,8,'ENTRADA',35,'2025-09-06 01:24:01','Compra a Graphenstone - Costo: 5826.45€'),
(100,6,'ENTRADA',35,'2026-03-12 21:20:17','Compra a Graphenstone - Costo: 3167.85€'),
(101,7,'ENTRADA',16,'2025-09-04 12:45:23','Compra a Graphenstone - Costo: 1572.16€'),
(102,3,'ENTRADA',39,'2026-03-08 12:15:12','Compra a Black+Decker - Costo: 943.8€'),
(103,17,'ENTRADA',38,'2026-03-05 11:20:20','Compra a Finsa - Costo: 4503.0€'),
(104,11,'ENTRADA',39,'2025-09-02 10:39:18','Compra a KEIM - Costo: 540.15€'),
(105,2,'ENTRADA',33,'2025-06-06 10:24:50','Compra a Black+Decker - Costo: 1294.92€'),
(106,7,'ENTRADA',47,'2025-10-19 17:12:05','Compra a Graphenstone - Costo: 4618.22€'),
(107,9,'ENTRADA',29,'2025-05-29 10:57:23','Compra a KEIM - Costo: 1908.49€'),
(108,5,'ENTRADA',22,'2025-11-02 01:04:23','Compra a Graphenstone - Costo: 1838.98€'),
(109,12,'ENTRADA',13,'2025-11-30 21:52:28','Compra a KEIM - Costo: 606.97€'),
(110,8,'ENTRADA',38,'2025-11-23 15:33:37','Compra a Graphenstone - Costo: 6325.86€'),
(111,2,'ENTRADA',12,'2025-08-25 19:14:52','Compra a Black+Decker - Costo: 470.88€'),
(112,8,'ENTRADA',37,'2026-03-29 15:41:17','Compra a Graphenstone - Costo: 6159.39€'),
(113,4,'ENTRADA',32,'2026-02-18 22:47:55','Compra a FirstGreen - Costo: 684.48€'),
(114,3,'ENTRADA',22,'2025-11-24 00:08:58','Compra a Black+Decker - Costo: 532.4€'),
(115,4,'ENTRADA',42,'2025-05-20 18:31:50','Compra a FirstGreen - Costo: 898.38€'),
(116,9,'ENTRADA',10,'2025-07-19 05:30:48','Compra a KEIM - Costo: 658.1€'),
(117,20,'ENTRADA',12,'2025-12-02 19:16:55','Compra a Finsa - Costo: 965.04€'),
(118,18,'ENTRADA',14,'2025-10-29 06:44:46','Compra a Finsa - Costo: 680.82€'),
(119,5,'ENTRADA',28,'2026-01-17 01:40:12','Compra a Graphenstone - Costo: 2340.52€'),
(120,14,'ENTRADA',26,'2026-01-30 04:17:02','Compra a Oropal - Costo: 440.18€'),
(121,15,'ENTRADA',44,'2025-11-16 21:40:18','Compra a Finsa - Costo: 1166.88€'),
(122,2,'ENTRADA',49,'2026-03-17 16:11:21','Compra a Black+Decker - Costo: 1922.76€'),
(123,7,'ENTRADA',37,'2025-06-20 06:35:10','Compra a Graphenstone - Costo: 3635.62€'),
(124,17,'ENTRADA',22,'2025-12-19 05:21:54','Compra a Finsa - Costo: 2607.0€'),
(125,17,'ENTRADA',20,'2025-07-08 23:47:06','Compra a Finsa - Costo: 2370.0€'),
(126,15,'ENTRADA',16,'2025-06-02 14:47:00','Compra a Finsa - Costo: 424.32€'),
(127,6,'ENTRADA',23,'2025-12-10 22:31:24','Compra a Graphenstone - Costo: 2081.73€'),
(128,11,'ENTRADA',30,'2025-06-27 06:54:04','Compra a KEIM - Costo: 415.5€'),
(129,1,'ENTRADA',22,'2025-06-03 11:39:05','Compra a Black+Decker - Costo: 1013.98€'),
(130,5,'ENTRADA',34,'2025-10-07 06:07:59','Compra a Graphenstone - Costo: 2842.06€'),
(131,1,'ENTRADA',47,'2026-03-06 18:51:03','Compra a Black+Decker - Costo: 2166.23€'),
(132,15,'ENTRADA',41,'2026-02-16 22:38:52','Compra a Finsa - Costo: 1087.32€'),
(133,16,'ENTRADA',37,'2026-03-27 13:35:46','Compra a Finsa - Costo: 1502.2€'),
(134,6,'ENTRADA',42,'2026-02-19 08:38:59','Compra a Graphenstone - Costo: 3801.42€'),
(135,11,'ENTRADA',39,'2025-07-19 22:27:47','Compra a KEIM - Costo: 540.15€'),
(136,18,'ENTRADA',47,'2025-11-15 05:18:43','Compra a Finsa - Costo: 2285.61€'),
(137,5,'ENTRADA',23,'2025-12-19 05:52:00','Compra a Graphenstone - Costo: 1922.57€'),
(138,16,'ENTRADA',34,'2025-08-27 15:24:21','Compra a Finsa - Costo: 1380.4€'),
(139,16,'ENTRADA',28,'2025-09-20 05:58:21','Compra a Finsa - Costo: 1136.8€'),
(140,14,'ENTRADA',37,'2025-11-25 17:44:56','Compra a Oropal - Costo: 626.41€'),
(141,9,'ENTRADA',43,'2025-06-22 14:52:23','Compra a KEIM - Costo: 2829.83€'),
(142,7,'ENTRADA',21,'2025-08-08 18:37:18','Compra a Graphenstone - Costo: 2063.46€'),
(143,14,'ENTRADA',15,'2025-07-17 18:18:26','Compra a Oropal - Costo: 253.95€'),
(144,15,'ENTRADA',50,'2025-09-04 00:26:48','Compra a Finsa - Costo: 1326.0€'),
(145,11,'ENTRADA',31,'2025-06-16 19:35:07','Compra a KEIM - Costo: 429.35€'),
(146,14,'ENTRADA',15,'2025-12-17 03:23:56','Compra a Oropal - Costo: 253.95€'),
(147,8,'ENTRADA',18,'2025-10-23 09:56:33','Compra a Graphenstone - Costo: 2996.46€'),
(148,15,'ENTRADA',14,'2025-10-15 11:48:01','Compra a Finsa - Costo: 371.28€'),
(149,14,'ENTRADA',14,'2025-08-09 15:18:16','Compra a Oropal - Costo: 237.02€'),
(150,20,'ENTRADA',24,'2025-06-13 14:26:52','Compra a Finsa - Costo: 1930.08€'),
(151,16,'ENTRADA',21,'2026-03-31 21:02:46','Compra a Finsa - Costo: 852.6€'),
(152,13,'ENTRADA',37,'2025-10-05 09:56:42','Compra a Oropal - Costo: 1952.12€');
/*!40000 ALTER TABLE `movimientos_inventario` ENABLE KEYS */;
UNLOCK TABLES;
COMMIT;
SET AUTOCOMMIT=@OLD_AUTOCOMMIT;

--
-- Table structure for table `pedidos`
--

DROP TABLE IF EXISTS `pedidos`;
/*!40101 SET @saved_cs_client     = @@character_set_client */;
/*!40101 SET character_set_client = utf8mb4 */;
CREATE TABLE `pedidos` (
  `id` int(11) NOT NULL AUTO_INCREMENT,
  `usuario_id` int(11) NOT NULL,
  `monto_total` decimal(10,2) NOT NULL,
  `metodo_pago` varchar(50) DEFAULT 'Tarjeta',
  `direccion_envio` varchar(255) NOT NULL,
  `estado` enum('PENDIENTE','PAGADO','ENVIADO','CANCELADO') DEFAULT 'PENDIENTE',
  `creado_en` timestamp NOT NULL DEFAULT current_timestamp(),
  PRIMARY KEY (`id`),
  KEY `usuario_id` (`usuario_id`),
  CONSTRAINT `pedidos_ibfk_1` FOREIGN KEY (`usuario_id`) REFERENCES `usuarios` (`id`)
) ENGINE=InnoDB AUTO_INCREMENT=602 DEFAULT CHARSET=utf8mb4 COLLATE=utf8mb4_unicode_ci;
/*!40101 SET character_set_client = @saved_cs_client */;

--
-- Dumping data for table `pedidos`
--

SET @OLD_AUTOCOMMIT=@@AUTOCOMMIT, @@AUTOCOMMIT=0;
LOCK TABLES `pedidos` WRITE;
/*!40000 ALTER TABLE `pedidos` DISABLE KEYS */;
INSERT INTO `pedidos` VALUES
(1,2,75.75,'Tarjeta de Crédito','Desconocida','PAGADO','2026-03-04 18:07:46'),
(2,2,208.35,'Tarjeta de Crédito','Desconocida','PAGADO','2026-03-04 18:30:00'),
(3,2,226.04,'Tarjeta de Crédito','Desconocida','PAGADO','2026-03-04 18:30:08'),
(4,2,765.65,'Tarjeta de Crédito','Desconocida','PAGADO','2026-03-04 18:50:45'),
(5,2,85.79,'Tarjeta de Crédito','Desconocida','PAGADO','2026-03-04 20:11:08'),
(6,2,85.79,'Tarjeta de Crédito','Desconocida','PAGADO','2026-03-04 20:13:10'),
(7,2,173.13,'Tarjeta de Crédito','Desconocida','PAGADO','2026-03-04 20:15:48'),
(8,3,335.42,'Tarjeta de Crédito','Desconocida','PAGADO','2026-03-04 21:27:31'),
(100,251,121.00,'Bizum','Avenida Siempreviva 742, Puerta 19','PAGADO','2025-09-15 19:57:02'),
(101,211,531.78,'PayPal','Calle Falsa 123, Puerta 5','PAGADO','2025-04-28 01:02:10'),
(102,220,58.36,'Tarjeta de Crédito','Calle Falsa 123, Puerta 15','PAGADO','2026-03-14 20:32:36'),
(103,158,313.47,'Tarjeta de Crédito','Plaza Mayor 1, Puerta 20','PAGADO','2025-11-27 23:05:17'),
(104,272,233.44,'Transferencia Bancaria','Paseo Maritimo 5, Puerta 9','PAGADO','2026-03-16 15:29:55'),
(105,255,519.91,'Tarjeta de Crédito','Gran Via 20, Puerta 8','PAGADO','2025-08-23 15:12:52'),
(106,129,312.98,'Tarjeta de Crédito','Gran Via 20, Puerta 17','PAGADO','2025-07-22 21:25:57'),
(107,299,396.51,'PayPal','Avenida Siempreviva 742, Puerta 19','PAGADO','2025-10-22 02:24:44'),
(108,202,748.95,'Bizum','Plaza Mayor 1, Puerta 12','PAGADO','2025-06-28 06:34:05'),
(109,187,246.78,'Bizum','Avenida Siempreviva 742, Puerta 16','PAGADO','2025-11-06 03:27:40'),
(110,141,770.54,'Tarjeta de Crédito','Avenida Siempreviva 742, Puerta 19','PAGADO','2025-06-13 22:08:04'),
(111,243,266.74,'Transferencia Bancaria','Avenida Siempreviva 742, Puerta 12','PAGADO','2026-01-23 22:10:21'),
(112,140,522.31,'Bizum','Plaza Mayor 1, Puerta 9','PAGADO','2025-09-26 10:49:08'),
(113,256,729.65,'PayPal','Paseo Maritimo 5, Puerta 11','PAGADO','2025-05-23 11:41:16'),
(114,153,278.07,'Tarjeta de Crédito','Gran Via 20, Puerta 7','PAGADO','2025-11-09 14:11:52'),
(115,266,1217.83,'Tarjeta de Crédito','Paseo Maritimo 5, Puerta 14','PAGADO','2025-10-24 09:41:58'),
(116,179,84.64,'Tarjeta de Crédito','Paseo Maritimo 5, Puerta 18','PAGADO','2025-08-28 21:26:56'),
(117,135,182.65,'PayPal','Plaza Mayor 1, Puerta 12','PAGADO','2025-06-29 19:31:01'),
(118,165,750.18,'Tarjeta de Crédito','Calle Falsa 123, Puerta 19','PAGADO','2026-01-21 17:09:54'),
(119,149,233.44,'Tarjeta de Crédito','Paseo Maritimo 5, Puerta 20','PAGADO','2025-12-30 17:21:46'),
(120,179,131.90,'Transferencia Bancaria','Avenida Siempreviva 742, Puerta 5','PAGADO','2025-12-15 06:46:43'),
(121,264,496.69,'Transferencia Bancaria','Plaza Mayor 1, Puerta 6','PAGADO','2025-10-18 13:34:00'),
(122,138,143.26,'Tarjeta de Crédito','Plaza Mayor 1, Puerta 7','PAGADO','2026-02-13 12:10:58'),
(123,105,477.15,'Bizum','Paseo Maritimo 5, Puerta 6','PAGADO','2026-04-19 22:45:01'),
(124,147,339.42,'Bizum','Paseo Maritimo 5, Puerta 9','PAGADO','2025-07-03 08:18:03'),
(125,228,777.33,'Bizum','Plaza Mayor 1, Puerta 17','PAGADO','2026-01-18 02:25:36'),
(126,164,843.48,'Tarjeta de Crédito','Avenida Siempreviva 742, Puerta 11','PAGADO','2026-01-30 01:16:22'),
(127,272,231.42,'Transferencia Bancaria','Calle Falsa 123, Puerta 2','PAGADO','2025-12-11 08:15:41'),
(128,296,342.95,'Transferencia Bancaria','Plaza Mayor 1, Puerta 1','PAGADO','2026-03-02 09:30:22'),
(129,280,197.85,'Transferencia Bancaria','Calle Falsa 123, Puerta 9','PAGADO','2025-06-04 03:46:04'),
(130,162,124.84,'Tarjeta de Crédito','Gran Via 20, Puerta 10','PAGADO','2025-12-26 08:17:03'),
(131,195,60.79,'Transferencia Bancaria','Paseo Maritimo 5, Puerta 2','PAGADO','2025-07-20 20:55:11'),
(132,208,233.44,'Tarjeta de Crédito','Gran Via 20, Puerta 6','PAGADO','2026-01-30 14:07:58'),
(133,155,620.57,'Bizum','Gran Via 20, Puerta 4','PAGADO','2025-06-14 15:06:15'),
(134,279,515.61,'Bizum','Paseo Maritimo 5, Puerta 10','PAGADO','2025-06-19 02:50:03'),
(135,170,929.81,'Bizum','Plaza Mayor 1, Puerta 10','PAGADO','2025-10-03 21:28:31'),
(136,201,860.10,'Bizum','Plaza Mayor 1, Puerta 1','PAGADO','2025-05-24 11:19:28'),
(137,242,269.92,'Tarjeta de Crédito','Gran Via 20, Puerta 1','PAGADO','2026-02-27 11:11:05'),
(138,168,619.26,'Transferencia Bancaria','Calle Falsa 123, Puerta 14','PAGADO','2025-10-29 17:05:19'),
(139,291,449.32,'Transferencia Bancaria','Paseo Maritimo 5, Puerta 5','PAGADO','2025-11-04 07:13:44'),
(140,298,212.75,'PayPal','Calle Falsa 123, Puerta 17','PAGADO','2025-05-15 00:50:12'),
(141,258,923.87,'PayPal','Paseo Maritimo 5, Puerta 12','PAGADO','2025-11-04 16:41:41'),
(142,196,582.48,'Transferencia Bancaria','Avenida Siempreviva 742, Puerta 13','PAGADO','2026-01-28 19:55:36'),
(143,290,368.46,'Transferencia Bancaria','Plaza Mayor 1, Puerta 8','PAGADO','2025-09-14 18:42:30'),
(144,120,827.97,'Tarjeta de Crédito','Avenida Siempreviva 742, Puerta 15','PAGADO','2025-05-24 17:47:03'),
(145,224,265.62,'Tarjeta de Crédito','Calle Falsa 123, Puerta 13','PAGADO','2025-12-08 17:33:46'),
(146,112,163.54,'Bizum','Gran Via 20, Puerta 7','PAGADO','2026-03-24 05:20:19'),
(147,193,259.68,'Transferencia Bancaria','Avenida Siempreviva 742, Puerta 17','PAGADO','2025-11-16 21:56:44'),
(148,283,405.16,'Bizum','Calle Falsa 123, Puerta 16','PAGADO','2025-05-08 01:56:44'),
(149,138,624.27,'Bizum','Gran Via 20, Puerta 1','PAGADO','2025-09-04 21:16:00'),
(150,199,555.79,'PayPal','Gran Via 20, Puerta 5','PAGADO','2025-06-23 23:10:43'),
(151,179,347.28,'PayPal','Paseo Maritimo 5, Puerta 15','PAGADO','2025-11-17 08:03:00'),
(152,164,512.65,'Tarjeta de Crédito','Calle Falsa 123, Puerta 2','PAGADO','2025-06-18 14:55:28'),
(153,287,49.05,'Tarjeta de Crédito','Calle Falsa 123, Puerta 7','PAGADO','2025-06-11 18:57:22'),
(154,143,242.46,'Tarjeta de Crédito','Paseo Maritimo 5, Puerta 6','PAGADO','2026-01-26 07:30:17'),
(155,195,1090.39,'PayPal','Gran Via 20, Puerta 19','PAGADO','2025-04-30 23:55:51'),
(156,241,296.26,'Tarjeta de Crédito','Avenida Siempreviva 742, Puerta 7','PAGADO','2026-03-02 15:16:00'),
(157,243,201.04,'Tarjeta de Crédito','Calle Falsa 123, Puerta 6','PAGADO','2025-05-31 11:28:30'),
(158,295,140.56,'Bizum','Plaza Mayor 1, Puerta 13','PAGADO','2026-02-03 21:22:35'),
(159,217,89.91,'Bizum','Gran Via 20, Puerta 8','PAGADO','2025-10-30 19:21:02'),
(160,170,314.97,'Transferencia Bancaria','Paseo Maritimo 5, Puerta 1','PAGADO','2026-02-13 17:44:56'),
(161,238,251.23,'PayPal','Gran Via 20, Puerta 9','PAGADO','2026-01-30 01:14:43'),
(162,243,30.25,'Transferencia Bancaria','Gran Via 20, Puerta 11','PAGADO','2025-10-19 18:44:36'),
(163,109,148.13,'PayPal','Plaza Mayor 1, Puerta 14','PAGADO','2025-12-28 15:55:37'),
(164,189,80.22,'Transferencia Bancaria','Calle Falsa 123, Puerta 18','PAGADO','2025-05-12 05:20:24'),
(165,274,314.57,'Tarjeta de Crédito','Plaza Mayor 1, Puerta 11','PAGADO','2025-06-24 05:19:12'),
(166,236,17.31,'Bizum','Paseo Maritimo 5, Puerta 1','PAGADO','2026-03-29 02:55:38'),
(167,135,33.15,'Transferencia Bancaria','Avenida Siempreviva 742, Puerta 15','PAGADO','2025-09-20 09:15:38'),
(168,264,200.31,'PayPal','Plaza Mayor 1, Puerta 4','PAGADO','2026-03-21 23:44:42'),
(169,103,180.36,'PayPal','Gran Via 20, Puerta 15','PAGADO','2026-01-02 13:23:52'),
(170,212,285.04,'PayPal','Plaza Mayor 1, Puerta 8','PAGADO','2025-07-30 08:23:22'),
(171,179,760.05,'Bizum','Avenida Siempreviva 742, Puerta 9','PAGADO','2025-10-15 12:23:50'),
(172,203,843.09,'Transferencia Bancaria','Calle Falsa 123, Puerta 9','PAGADO','2025-06-03 20:44:29'),
(173,267,18.15,'Tarjeta de Crédito','Avenida Siempreviva 742, Puerta 19','PAGADO','2025-12-02 06:38:21'),
(174,195,710.69,'Bizum','Plaza Mayor 1, Puerta 13','PAGADO','2025-11-26 10:53:10'),
(175,190,33.15,'PayPal','Paseo Maritimo 5, Puerta 16','PAGADO','2026-02-25 09:34:12'),
(176,179,57.61,'Bizum','Paseo Maritimo 5, Puerta 4','PAGADO','2026-01-06 02:37:36'),
(177,293,943.73,'PayPal','Gran Via 20, Puerta 12','PAGADO','2025-11-08 10:59:34'),
(178,182,395.87,'PayPal','Calle Falsa 123, Puerta 17','PAGADO','2025-08-29 21:19:01'),
(179,249,551.44,'Transferencia Bancaria','Plaza Mayor 1, Puerta 16','PAGADO','2025-09-27 12:56:40'),
(180,178,313.47,'Transferencia Bancaria','Calle Falsa 123, Puerta 11','PAGADO','2025-08-01 07:57:30'),
(181,269,357.83,'PayPal','Plaza Mayor 1, Puerta 3','PAGADO','2025-09-28 12:52:02'),
(182,291,90.75,'Transferencia Bancaria','Avenida Siempreviva 742, Puerta 1','PAGADO','2026-02-04 20:49:01'),
(183,115,296.26,'Transferencia Bancaria','Avenida Siempreviva 742, Puerta 9','PAGADO','2025-12-02 00:03:37'),
(184,170,98.10,'PayPal','Paseo Maritimo 5, Puerta 5','PAGADO','2025-11-27 20:53:54'),
(185,153,475.54,'Transferencia Bancaria','Avenida Siempreviva 742, Puerta 3','PAGADO','2025-12-29 02:43:37'),
(186,282,279.02,'PayPal','Paseo Maritimo 5, Puerta 11','PAGADO','2026-01-05 08:20:26'),
(187,251,213.66,'Tarjeta de Crédito','Gran Via 20, Puerta 6','PAGADO','2026-01-27 20:57:06'),
(188,128,591.52,'Transferencia Bancaria','Paseo Maritimo 5, Puerta 20','PAGADO','2025-09-17 06:47:57'),
(189,198,459.05,'PayPal','Gran Via 20, Puerta 20','PAGADO','2025-06-13 06:34:47'),
(190,197,368.46,'Tarjeta de Crédito','Gran Via 20, Puerta 3','PAGADO','2025-05-11 19:57:23'),
(191,266,102.60,'Tarjeta de Crédito','Paseo Maritimo 5, Puerta 8','PAGADO','2025-07-01 21:51:08'),
(192,190,249.32,'Tarjeta de Crédito','Avenida Siempreviva 742, Puerta 15','PAGADO','2025-06-02 05:36:55'),
(193,197,478.75,'PayPal','Plaza Mayor 1, Puerta 8','PAGADO','2025-08-20 12:12:13'),
(194,268,309.57,'Bizum','Calle Falsa 123, Puerta 3','PAGADO','2025-10-30 01:52:56'),
(195,194,121.00,'PayPal','Plaza Mayor 1, Puerta 8','PAGADO','2025-05-07 01:39:57'),
(196,240,98.10,'Transferencia Bancaria','Gran Via 20, Puerta 2','PAGADO','2025-06-21 11:49:45'),
(197,112,1210.52,'Bizum','Paseo Maritimo 5, Puerta 3','PAGADO','2025-11-18 19:11:34'),
(198,208,246.78,'Tarjeta de Crédito','Calle Falsa 123, Puerta 7','PAGADO','2026-01-25 18:43:31'),
(199,186,454.97,'PayPal','Paseo Maritimo 5, Puerta 12','PAGADO','2025-08-25 08:16:31'),
(200,245,179.67,'Tarjeta de Crédito','Calle Falsa 123, Puerta 7','PAGADO','2026-04-08 17:02:22'),
(201,284,1035.25,'Bizum','Avenida Siempreviva 742, Puerta 14','PAGADO','2025-12-05 06:29:15'),
(202,164,518.51,'Transferencia Bancaria','Calle Falsa 123, Puerta 6','PAGADO','2025-08-18 18:04:37'),
(203,259,497.91,'Transferencia Bancaria','Plaza Mayor 1, Puerta 8','PAGADO','2025-05-06 07:58:02'),
(204,116,614.80,'PayPal','Avenida Siempreviva 742, Puerta 17','PAGADO','2025-05-11 11:38:49'),
(205,255,1146.55,'Bizum','Paseo Maritimo 5, Puerta 6','PAGADO','2025-09-21 05:27:14'),
(206,225,367.22,'PayPal','Avenida Siempreviva 742, Puerta 11','PAGADO','2025-12-19 11:24:38'),
(207,163,173.57,'Transferencia Bancaria','Calle Falsa 123, Puerta 12','PAGADO','2025-08-14 20:09:59'),
(208,193,538.02,'Transferencia Bancaria','Avenida Siempreviva 742, Puerta 9','PAGADO','2025-06-10 20:08:40'),
(209,243,195.32,'Tarjeta de Crédito','Plaza Mayor 1, Puerta 14','PAGADO','2025-10-05 14:00:55'),
(210,179,386.20,'PayPal','Avenida Siempreviva 742, Puerta 17','PAGADO','2025-12-05 11:55:00'),
(211,128,724.67,'Bizum','Gran Via 20, Puerta 5','PAGADO','2025-05-30 20:44:24'),
(212,226,452.20,'Tarjeta de Crédito','Gran Via 20, Puerta 18','PAGADO','2025-06-03 09:36:28'),
(213,106,265.44,'Transferencia Bancaria','Gran Via 20, Puerta 1','PAGADO','2026-03-14 06:13:22'),
(214,244,367.70,'Transferencia Bancaria','Avenida Siempreviva 742, Puerta 7','PAGADO','2026-02-06 15:03:56'),
(215,235,489.75,'Transferencia Bancaria','Plaza Mayor 1, Puerta 19','PAGADO','2026-04-15 15:24:53'),
(216,275,857.61,'Bizum','Plaza Mayor 1, Puerta 14','PAGADO','2025-07-14 23:04:21'),
(217,260,695.83,'Bizum','Paseo Maritimo 5, Puerta 12','PAGADO','2025-08-10 00:46:21'),
(218,245,50.75,'Bizum','Gran Via 20, Puerta 10','PAGADO','2025-06-23 00:44:52'),
(219,268,1254.77,'Transferencia Bancaria','Gran Via 20, Puerta 2','PAGADO','2025-12-22 18:45:43'),
(220,250,352.84,'Bizum','Avenida Siempreviva 742, Puerta 4','PAGADO','2025-06-26 04:39:20'),
(221,123,416.18,'Tarjeta de Crédito','Plaza Mayor 1, Puerta 10','PAGADO','2026-01-16 09:18:04'),
(222,286,364.22,'Tarjeta de Crédito','Gran Via 20, Puerta 13','PAGADO','2025-10-11 03:55:30'),
(223,134,36.30,'Bizum','Paseo Maritimo 5, Puerta 10','PAGADO','2025-09-24 21:04:20'),
(224,186,69.24,'PayPal','Calle Falsa 123, Puerta 18','PAGADO','2026-01-01 04:54:43'),
(225,285,792.83,'PayPal','Paseo Maritimo 5, Puerta 18','PAGADO','2025-11-05 23:16:38'),
(226,272,208.98,'Tarjeta de Crédito','Plaza Mayor 1, Puerta 16','PAGADO','2025-08-28 14:39:38'),
(227,144,422.17,'Tarjeta de Crédito','Calle Falsa 123, Puerta 14','PAGADO','2026-02-07 01:28:58'),
(228,182,737.41,'Bizum','Plaza Mayor 1, Puerta 9','PAGADO','2026-03-26 06:09:52'),
(229,242,828.44,'Tarjeta de Crédito','Calle Falsa 123, Puerta 15','PAGADO','2026-04-13 09:58:18'),
(230,219,78.94,'PayPal','Gran Via 20, Puerta 2','PAGADO','2025-11-25 01:04:37'),
(231,279,297.59,'Bizum','Gran Via 20, Puerta 15','PAGADO','2025-12-10 17:56:29'),
(232,207,513.51,'Bizum','Calle Falsa 123, Puerta 8','PAGADO','2025-12-03 16:44:56'),
(233,262,228.70,'Tarjeta de Crédito','Paseo Maritimo 5, Puerta 9','PAGADO','2025-10-30 18:54:04'),
(234,196,131.90,'Bizum','Plaza Mayor 1, Puerta 18','PAGADO','2025-05-21 13:25:08'),
(235,160,640.65,'Transferencia Bancaria','Avenida Siempreviva 742, Puerta 5','PAGADO','2025-09-10 22:06:11'),
(236,138,842.06,'PayPal','Plaza Mayor 1, Puerta 4','PAGADO','2025-09-01 18:13:28'),
(237,215,789.46,'Tarjeta de Crédito','Avenida Siempreviva 742, Puerta 3','PAGADO','2026-02-20 14:14:12'),
(238,226,201.04,'Transferencia Bancaria','Gran Via 20, Puerta 10','PAGADO','2026-01-14 08:49:42'),
(239,296,630.13,'Tarjeta de Crédito','Plaza Mayor 1, Puerta 4','PAGADO','2025-08-03 20:21:44'),
(240,238,313.47,'Bizum','Calle Falsa 123, Puerta 17','PAGADO','2026-01-07 21:30:44'),
(241,230,197.85,'Tarjeta de Crédito','Gran Via 20, Puerta 10','PAGADO','2025-07-28 02:51:22'),
(242,184,358.18,'Transferencia Bancaria','Plaza Mayor 1, Puerta 1','PAGADO','2025-09-05 22:35:36'),
(243,229,296.46,'Tarjeta de Crédito','Gran Via 20, Puerta 19','PAGADO','2025-08-19 07:46:50'),
(244,255,611.33,'Tarjeta de Crédito','Calle Falsa 123, Puerta 9','PAGADO','2025-04-27 18:08:11'),
(245,196,221.15,'Tarjeta de Crédito','Gran Via 20, Puerta 16','PAGADO','2026-03-15 19:03:36'),
(246,264,290.63,'Transferencia Bancaria','Calle Falsa 123, Puerta 13','PAGADO','2025-11-17 02:34:18'),
(247,181,136.01,'Transferencia Bancaria','Gran Via 20, Puerta 4','PAGADO','2025-08-29 08:07:28'),
(248,232,242.71,'Bizum','Paseo Maritimo 5, Puerta 4','PAGADO','2026-03-21 23:45:45'),
(249,164,164.52,'Tarjeta de Crédito','Paseo Maritimo 5, Puerta 10','PAGADO','2026-02-13 12:14:35'),
(250,105,638.43,'Tarjeta de Crédito','Gran Via 20, Puerta 12','PAGADO','2025-11-02 22:43:28'),
(251,103,858.68,'PayPal','Plaza Mayor 1, Puerta 13','PAGADO','2025-07-11 07:43:00'),
(252,291,116.72,'Transferencia Bancaria','Paseo Maritimo 5, Puerta 13','PAGADO','2026-02-26 01:34:25'),
(253,176,404.62,'Tarjeta de Crédito','Plaza Mayor 1, Puerta 12','PAGADO','2026-01-28 14:45:28'),
(254,101,368.46,'Tarjeta de Crédito','Avenida Siempreviva 742, Puerta 6','PAGADO','2025-06-10 21:57:56'),
(255,184,295.65,'Transferencia Bancaria','Paseo Maritimo 5, Puerta 11','PAGADO','2026-02-19 10:59:36'),
(256,257,600.83,'Tarjeta de Crédito','Gran Via 20, Puerta 7','PAGADO','2026-03-25 23:30:26'),
(257,127,373.50,'Transferencia Bancaria','Avenida Siempreviva 742, Puerta 3','PAGADO','2025-06-18 20:46:31'),
(258,127,1210.50,'PayPal','Avenida Siempreviva 742, Puerta 16','PAGADO','2025-09-01 16:48:01'),
(259,237,368.36,'Bizum','Gran Via 20, Puerta 20','PAGADO','2025-07-13 05:33:53'),
(260,299,592.52,'Transferencia Bancaria','Gran Via 20, Puerta 4','PAGADO','2025-10-11 17:26:37'),
(261,234,713.84,'Transferencia Bancaria','Paseo Maritimo 5, Puerta 16','PAGADO','2026-03-09 00:36:10'),
(262,128,165.30,'Bizum','Gran Via 20, Puerta 11','PAGADO','2025-09-16 21:57:00'),
(263,214,175.08,'PayPal','Avenida Siempreviva 742, Puerta 11','PAGADO','2025-05-20 16:47:12'),
(264,265,475.42,'Transferencia Bancaria','Avenida Siempreviva 742, Puerta 18','PAGADO','2025-05-18 05:55:45'),
(265,231,982.90,'Transferencia Bancaria','Avenida Siempreviva 742, Puerta 20','PAGADO','2026-01-06 15:50:26'),
(266,123,791.55,'PayPal','Paseo Maritimo 5, Puerta 13','PAGADO','2025-11-12 14:23:52'),
(267,144,452.56,'Bizum','Calle Falsa 123, Puerta 6','PAGADO','2026-04-21 12:28:36'),
(268,144,329.98,'Tarjeta de Crédito','Gran Via 20, Puerta 4','PAGADO','2025-05-13 18:24:35'),
(269,298,819.65,'Transferencia Bancaria','Gran Via 20, Puerta 20','PAGADO','2025-10-22 23:30:28'),
(270,273,379.77,'Tarjeta de Crédito','Calle Falsa 123, Puerta 12','PAGADO','2025-12-30 03:30:05'),
(271,223,148.13,'Bizum','Calle Falsa 123, Puerta 16','PAGADO','2025-10-15 12:06:51'),
(272,193,69.45,'PayPal','Plaza Mayor 1, Puerta 13','PAGADO','2026-03-28 13:39:13'),
(273,115,140.87,'PayPal','Avenida Siempreviva 742, Puerta 20','PAGADO','2025-06-07 13:05:13'),
(274,180,450.38,'Tarjeta de Crédito','Plaza Mayor 1, Puerta 8','PAGADO','2025-05-21 10:50:54'),
(275,240,152.25,'Bizum','Avenida Siempreviva 742, Puerta 13','PAGADO','2026-03-19 13:03:00'),
(276,218,405.72,'Tarjeta de Crédito','Plaza Mayor 1, Puerta 13','PAGADO','2025-09-01 00:44:15'),
(277,133,729.42,'PayPal','Avenida Siempreviva 742, Puerta 8','PAGADO','2025-12-17 20:33:35'),
(278,290,396.01,'Bizum','Calle Falsa 123, Puerta 1','PAGADO','2026-01-21 16:08:24'),
(279,158,122.82,'Transferencia Bancaria','Calle Falsa 123, Puerta 12','PAGADO','2025-09-30 05:18:54'),
(280,259,778.91,'Bizum','Calle Falsa 123, Puerta 14','PAGADO','2025-07-10 14:42:35'),
(281,208,269.42,'Tarjeta de Crédito','Gran Via 20, Puerta 12','PAGADO','2026-04-05 16:00:19'),
(282,249,822.05,'Tarjeta de Crédito','Gran Via 20, Puerta 3','PAGADO','2026-04-08 18:25:10'),
(283,206,260.46,'PayPal','Paseo Maritimo 5, Puerta 3','PAGADO','2026-04-14 05:57:18'),
(284,227,122.82,'Tarjeta de Crédito','Plaza Mayor 1, Puerta 7','PAGADO','2026-01-11 20:03:07'),
(285,268,154.86,'PayPal','Calle Falsa 123, Puerta 19','PAGADO','2025-07-14 10:11:49'),
(286,200,101.50,'Bizum','Plaza Mayor 1, Puerta 17','PAGADO','2025-11-24 08:02:05'),
(287,141,800.62,'PayPal','Plaza Mayor 1, Puerta 9','PAGADO','2025-07-20 21:45:44'),
(288,252,84.64,'Bizum','Plaza Mayor 1, Puerta 10','PAGADO','2025-08-24 05:44:47'),
(289,157,613.68,'Transferencia Bancaria','Gran Via 20, Puerta 10','PAGADO','2026-04-23 07:45:53'),
(290,284,491.72,'Transferencia Bancaria','Gran Via 20, Puerta 3','PAGADO','2025-04-26 23:23:25'),
(291,231,131.90,'Tarjeta de Crédito','Gran Via 20, Puerta 10','PAGADO','2025-12-25 06:50:30'),
(292,185,476.07,'Tarjeta de Crédito','Calle Falsa 123, Puerta 13','PAGADO','2025-10-06 08:55:06'),
(293,155,628.36,'Bizum','Gran Via 20, Puerta 3','PAGADO','2025-06-14 18:54:58'),
(294,136,410.69,'Bizum','Gran Via 20, Puerta 5','PAGADO','2026-02-27 15:25:09'),
(295,116,134.30,'PayPal','Paseo Maritimo 5, Puerta 5','PAGADO','2026-02-08 22:53:29'),
(296,270,1344.73,'Tarjeta de Crédito','Avenida Siempreviva 742, Puerta 3','PAGADO','2026-01-26 02:55:09'),
(297,295,182.37,'Bizum','Paseo Maritimo 5, Puerta 3','PAGADO','2025-08-05 05:31:05'),
(298,220,264.85,'PayPal','Plaza Mayor 1, Puerta 16','PAGADO','2025-10-29 06:44:18'),
(299,259,208.09,'PayPal','Plaza Mayor 1, Puerta 16','PAGADO','2025-12-26 17:57:57'),
(300,156,30.25,'PayPal','Calle Falsa 123, Puerta 3','PAGADO','2025-07-10 18:51:57'),
(301,107,106.96,'PayPal','Gran Via 20, Puerta 16','PAGADO','2025-12-27 04:28:09'),
(302,203,338.58,'Transferencia Bancaria','Paseo Maritimo 5, Puerta 14','PAGADO','2026-01-11 13:02:24'),
(303,215,224.69,'PayPal','Avenida Siempreviva 742, Puerta 3','PAGADO','2026-03-18 10:27:34'),
(304,226,728.26,'PayPal','Plaza Mayor 1, Puerta 18','PAGADO','2026-02-15 00:09:06'),
(305,196,728.52,'Tarjeta de Crédito','Paseo Maritimo 5, Puerta 5','PAGADO','2025-11-21 06:27:58'),
(306,174,49.05,'PayPal','Gran Via 20, Puerta 8','PAGADO','2026-02-02 22:39:03'),
(307,238,121.00,'Transferencia Bancaria','Paseo Maritimo 5, Puerta 11','PAGADO','2026-01-07 22:08:09'),
(308,110,60.50,'Bizum','Paseo Maritimo 5, Puerta 6','PAGADO','2026-01-04 04:48:14'),
(309,105,187.79,'Bizum','Paseo Maritimo 5, Puerta 11','PAGADO','2025-05-31 06:19:38'),
(310,250,209.11,'Tarjeta de Crédito','Avenida Siempreviva 742, Puerta 4','PAGADO','2026-01-17 03:37:25'),
(311,136,951.15,'Bizum','Plaza Mayor 1, Puerta 2','PAGADO','2026-04-23 02:34:27'),
(312,120,101.50,'Transferencia Bancaria','Plaza Mayor 1, Puerta 6','PAGADO','2026-03-15 01:53:48'),
(313,274,137.88,'Tarjeta de Crédito','Gran Via 20, Puerta 5','PAGADO','2025-09-23 11:23:07'),
(314,187,729.25,'Transferencia Bancaria','Calle Falsa 123, Puerta 11','PAGADO','2025-04-27 02:20:50'),
(315,126,715.41,'Tarjeta de Crédito','Plaza Mayor 1, Puerta 14','PAGADO','2025-09-29 14:17:12'),
(316,146,762.51,'Tarjeta de Crédito','Avenida Siempreviva 742, Puerta 14','PAGADO','2025-08-30 04:42:20'),
(317,107,366.04,'PayPal','Plaza Mayor 1, Puerta 18','PAGADO','2025-09-19 16:07:47'),
(318,276,321.95,'Bizum','Calle Falsa 123, Puerta 17','PAGADO','2026-02-20 07:04:03'),
(319,196,203.00,'Tarjeta de Crédito','Paseo Maritimo 5, Puerta 20','PAGADO','2025-05-07 04:41:01'),
(320,120,368.50,'PayPal','Avenida Siempreviva 742, Puerta 20','PAGADO','2025-09-21 05:29:14'),
(321,163,186.14,'PayPal','Gran Via 20, Puerta 19','PAGADO','2025-10-22 22:46:33'),
(322,180,633.83,'Tarjeta de Crédito','Calle Falsa 123, Puerta 17','PAGADO','2025-10-29 04:11:45'),
(323,165,234.88,'Tarjeta de Crédito','Gran Via 20, Puerta 19','PAGADO','2025-12-09 16:23:17'),
(324,119,919.90,'Bizum','Gran Via 20, Puerta 9','PAGADO','2025-10-14 11:30:31'),
(325,211,824.63,'Bizum','Avenida Siempreviva 742, Puerta 8','PAGADO','2025-12-18 01:50:51'),
(326,226,26.74,'Bizum','Paseo Maritimo 5, Puerta 5','PAGADO','2026-01-16 07:14:20'),
(327,122,317.90,'Transferencia Bancaria','Paseo Maritimo 5, Puerta 13','PAGADO','2025-09-24 04:16:38'),
(328,131,1182.34,'PayPal','Calle Falsa 123, Puerta 16','PAGADO','2026-03-04 22:07:06'),
(329,240,585.16,'Tarjeta de Crédito','Calle Falsa 123, Puerta 13','PAGADO','2025-10-15 03:40:51'),
(330,251,289.33,'Tarjeta de Crédito','Calle Falsa 123, Puerta 15','PAGADO','2025-09-19 14:23:46'),
(331,159,442.78,'PayPal','Gran Via 20, Puerta 19','PAGADO','2025-12-26 17:56:13'),
(332,248,587.13,'Tarjeta de Crédito','Calle Falsa 123, Puerta 19','PAGADO','2026-03-27 05:57:07'),
(333,273,1006.98,'PayPal','Avenida Siempreviva 742, Puerta 6','PAGADO','2025-06-02 11:32:03'),
(334,204,54.45,'Tarjeta de Crédito','Avenida Siempreviva 742, Puerta 12','PAGADO','2025-05-01 11:14:59'),
(335,296,348.45,'PayPal','Paseo Maritimo 5, Puerta 15','PAGADO','2026-02-20 08:00:20'),
(336,297,459.70,'Transferencia Bancaria','Paseo Maritimo 5, Puerta 14','PAGADO','2026-02-11 13:43:56'),
(337,292,699.37,'PayPal','Gran Via 20, Puerta 17','PAGADO','2025-10-04 04:43:40'),
(338,259,502.13,'PayPal','Plaza Mayor 1, Puerta 5','PAGADO','2025-12-28 01:40:53'),
(339,273,592.52,'PayPal','Plaza Mayor 1, Puerta 3','PAGADO','2025-10-11 04:04:27'),
(340,278,540.97,'Bizum','Paseo Maritimo 5, Puerta 5','PAGADO','2025-10-17 16:37:14'),
(341,252,964.04,'Bizum','Gran Via 20, Puerta 5','PAGADO','2025-12-20 20:32:20'),
(342,171,550.66,'PayPal','Gran Via 20, Puerta 15','PAGADO','2025-06-28 17:43:08'),
(343,193,1188.21,'Transferencia Bancaria','Plaza Mayor 1, Puerta 15','PAGADO','2026-04-24 21:14:02'),
(344,180,502.42,'Transferencia Bancaria','Gran Via 20, Puerta 14','PAGADO','2026-04-20 01:51:31'),
(345,131,393.69,'Bizum','Avenida Siempreviva 742, Puerta 15','PAGADO','2026-01-22 10:04:40'),
(346,251,208.98,'PayPal','Paseo Maritimo 5, Puerta 6','PAGADO','2025-04-26 19:14:10'),
(347,140,690.57,'PayPal','Paseo Maritimo 5, Puerta 12','PAGADO','2025-07-23 23:05:10'),
(348,252,412.14,'PayPal','Paseo Maritimo 5, Puerta 4','PAGADO','2026-02-21 16:20:20'),
(349,280,479.29,'Transferencia Bancaria','Gran Via 20, Puerta 10','PAGADO','2026-04-05 10:36:49'),
(350,233,429.64,'Tarjeta de Crédito','Avenida Siempreviva 742, Puerta 12','PAGADO','2026-02-20 23:49:22'),
(351,242,149.03,'PayPal','Plaza Mayor 1, Puerta 13','PAGADO','2026-03-05 09:18:44'),
(352,102,723.13,'Tarjeta de Crédito','Plaza Mayor 1, Puerta 20','PAGADO','2025-12-10 19:50:33'),
(353,278,71.76,'Tarjeta de Crédito','Gran Via 20, Puerta 12','PAGADO','2025-06-03 22:52:52'),
(354,117,57.61,'Bizum','Gran Via 20, Puerta 17','PAGADO','2025-12-12 07:13:43'),
(355,218,562.08,'Tarjeta de Crédito','Gran Via 20, Puerta 3','PAGADO','2025-07-24 05:05:37'),
(356,214,396.62,'PayPal','Plaza Mayor 1, Puerta 18','PAGADO','2025-12-25 02:10:45'),
(357,149,900.42,'Bizum','Avenida Siempreviva 742, Puerta 17','PAGADO','2025-05-04 03:48:44'),
(358,242,620.45,'Transferencia Bancaria','Plaza Mayor 1, Puerta 18','PAGADO','2025-11-14 09:00:22'),
(359,132,53.48,'Bizum','Avenida Siempreviva 742, Puerta 17','PAGADO','2025-12-19 06:41:20'),
(360,220,677.83,'Bizum','Plaza Mayor 1, Puerta 9','PAGADO','2025-10-16 23:29:57'),
(361,250,208.98,'Bizum','Avenida Siempreviva 742, Puerta 19','PAGADO','2025-08-08 07:53:09'),
(362,203,69.24,'Transferencia Bancaria','Plaza Mayor 1, Puerta 14','PAGADO','2025-10-01 21:30:38'),
(363,254,208.09,'Bizum','Calle Falsa 123, Puerta 2','PAGADO','2025-08-28 05:46:27'),
(364,160,1422.29,'Transferencia Bancaria','Plaza Mayor 1, Puerta 6','PAGADO','2025-08-14 04:02:02'),
(365,141,65.95,'PayPal','Avenida Siempreviva 742, Puerta 4','PAGADO','2026-04-08 00:14:26'),
(366,259,285.08,'Bizum','Avenida Siempreviva 742, Puerta 2','PAGADO','2026-03-29 12:38:23'),
(367,115,57.61,'PayPal','Plaza Mayor 1, Puerta 11','PAGADO','2026-03-23 09:03:06'),
(368,104,153.06,'Tarjeta de Crédito','Plaza Mayor 1, Puerta 8','PAGADO','2026-04-23 10:10:09'),
(369,161,738.26,'Tarjeta de Crédito','Plaza Mayor 1, Puerta 16','PAGADO','2025-10-21 18:19:03'),
(370,174,317.29,'Transferencia Bancaria','Calle Falsa 123, Puerta 20','PAGADO','2025-06-07 02:27:53'),
(371,261,291.57,'Transferencia Bancaria','Plaza Mayor 1, Puerta 3','PAGADO','2026-04-04 16:10:30'),
(372,106,182.50,'Transferencia Bancaria','Gran Via 20, Puerta 6','PAGADO','2025-12-01 13:41:10'),
(373,294,525.02,'Transferencia Bancaria','Avenida Siempreviva 742, Puerta 16','PAGADO','2025-12-24 21:38:58'),
(374,161,221.98,'Bizum','Avenida Siempreviva 742, Puerta 19','PAGADO','2025-05-24 02:34:21'),
(375,279,1206.82,'Transferencia Bancaria','Plaza Mayor 1, Puerta 2','PAGADO','2025-11-12 05:40:57'),
(376,163,554.09,'Transferencia Bancaria','Calle Falsa 123, Puerta 8','PAGADO','2025-06-11 06:30:15'),
(377,216,324.81,'Bizum','Plaza Mayor 1, Puerta 13','PAGADO','2025-10-04 17:01:30'),
(378,182,290.54,'Bizum','Avenida Siempreviva 742, Puerta 20','PAGADO','2025-07-31 18:58:34'),
(379,113,1492.18,'Transferencia Bancaria','Gran Via 20, Puerta 12','PAGADO','2026-04-04 11:00:13'),
(380,277,34.62,'Tarjeta de Crédito','Paseo Maritimo 5, Puerta 10','PAGADO','2026-03-29 06:48:15'),
(381,254,451.86,'Bizum','Gran Via 20, Puerta 4','PAGADO','2025-06-25 18:20:10'),
(382,238,452.56,'PayPal','Avenida Siempreviva 742, Puerta 7','PAGADO','2025-11-26 04:15:35'),
(383,143,537.43,'Tarjeta de Crédito','Paseo Maritimo 5, Puerta 11','PAGADO','2026-03-17 02:11:58'),
(384,122,238.30,'PayPal','Avenida Siempreviva 742, Puerta 15','PAGADO','2026-04-08 17:51:08'),
(385,105,677.75,'PayPal','Paseo Maritimo 5, Puerta 7','PAGADO','2025-11-09 23:22:23'),
(386,108,859.82,'Bizum','Calle Falsa 123, Puerta 14','PAGADO','2025-07-08 03:31:09'),
(387,212,172.83,'Transferencia Bancaria','Calle Falsa 123, Puerta 7','PAGADO','2025-10-04 21:59:24'),
(388,108,294.46,'Bizum','Avenida Siempreviva 742, Puerta 6','PAGADO','2026-01-22 17:06:51'),
(389,152,230.44,'Bizum','Avenida Siempreviva 742, Puerta 5','PAGADO','2025-06-25 08:47:51'),
(390,238,683.48,'Bizum','Paseo Maritimo 5, Puerta 8','PAGADO','2025-09-17 12:07:41'),
(391,289,278.26,'Transferencia Bancaria','Calle Falsa 123, Puerta 2','PAGADO','2025-06-22 21:13:50'),
(392,266,561.47,'Transferencia Bancaria','Gran Via 20, Puerta 14','PAGADO','2025-07-06 08:11:36'),
(393,235,744.30,'Bizum','Paseo Maritimo 5, Puerta 2','PAGADO','2025-05-09 02:54:05'),
(394,119,369.45,'PayPal','Paseo Maritimo 5, Puerta 10','PAGADO','2026-02-21 00:24:38'),
(395,179,419.31,'PayPal','Paseo Maritimo 5, Puerta 2','PAGADO','2025-10-14 21:47:38'),
(396,215,250.24,'Transferencia Bancaria','Avenida Siempreviva 742, Puerta 4','PAGADO','2025-10-01 21:55:35'),
(397,119,203.00,'PayPal','Paseo Maritimo 5, Puerta 17','PAGADO','2025-06-13 10:51:20'),
(398,211,162.93,'Transferencia Bancaria','Gran Via 20, Puerta 4','PAGADO','2025-06-28 04:11:53'),
(399,142,197.48,'Bizum','Calle Falsa 123, Puerta 3','PAGADO','2026-03-30 07:30:22'),
(400,194,17.31,'Tarjeta de Crédito','Avenida Siempreviva 742, Puerta 18','PAGADO','2025-06-15 11:23:08'),
(401,173,339.42,'Bizum','Gran Via 20, Puerta 8','PAGADO','2026-01-12 23:36:44'),
(402,175,173.17,'PayPal','Paseo Maritimo 5, Puerta 2','PAGADO','2026-02-22 10:06:11'),
(403,140,567.78,'Bizum','Avenida Siempreviva 742, Puerta 19','PAGADO','2025-11-20 18:05:01'),
(404,241,122.82,'Tarjeta de Crédito','Gran Via 20, Puerta 12','PAGADO','2026-01-06 03:45:36'),
(405,237,228.26,'Transferencia Bancaria','Avenida Siempreviva 742, Puerta 9','PAGADO','2025-06-22 22:50:08'),
(406,261,90.75,'PayPal','Avenida Siempreviva 742, Puerta 19','PAGADO','2025-07-20 09:20:18'),
(407,204,524.76,'Transferencia Bancaria','Plaza Mayor 1, Puerta 9','PAGADO','2026-02-27 00:03:54'),
(408,291,473.78,'Tarjeta de Crédito','Calle Falsa 123, Puerta 20','PAGADO','2026-02-04 15:34:54'),
(409,299,268.38,'PayPal','Gran Via 20, Puerta 6','PAGADO','2025-09-01 11:00:29'),
(410,161,640.98,'PayPal','Gran Via 20, Puerta 19','PAGADO','2026-03-15 07:36:45'),
(411,113,506.77,'Transferencia Bancaria','Plaza Mayor 1, Puerta 11','PAGADO','2025-11-01 07:51:09'),
(412,211,116.72,'PayPal','Paseo Maritimo 5, Puerta 5','PAGADO','2026-01-30 09:43:45'),
(413,110,847.50,'Tarjeta de Crédito','Paseo Maritimo 5, Puerta 3','PAGADO','2025-09-17 22:26:50'),
(414,295,197.85,'Tarjeta de Crédito','Avenida Siempreviva 742, Puerta 16','PAGADO','2026-03-07 21:18:09'),
(415,118,403.31,'PayPal','Plaza Mayor 1, Puerta 6','PAGADO','2026-02-05 03:09:17'),
(416,271,1330.23,'Transferencia Bancaria','Calle Falsa 123, Puerta 13','PAGADO','2025-10-30 04:37:04'),
(417,112,592.52,'Bizum','Plaza Mayor 1, Puerta 15','PAGADO','2025-06-30 03:23:26'),
(418,277,847.62,'Bizum','Avenida Siempreviva 742, Puerta 3','PAGADO','2025-08-29 19:31:45'),
(419,160,122.82,'PayPal','Paseo Maritimo 5, Puerta 11','PAGADO','2026-01-26 09:32:47'),
(420,162,592.52,'Transferencia Bancaria','Calle Falsa 123, Puerta 4','PAGADO','2025-05-01 22:31:32'),
(421,177,661.54,'Transferencia Bancaria','Plaza Mayor 1, Puerta 3','PAGADO','2025-09-11 22:18:57'),
(422,189,121.84,'Transferencia Bancaria','Plaza Mayor 1, Puerta 5','PAGADO','2025-08-23 01:04:16'),
(423,107,1057.78,'Transferencia Bancaria','Paseo Maritimo 5, Puerta 18','PAGADO','2025-09-08 17:41:08'),
(424,275,317.03,'Bizum','Plaza Mayor 1, Puerta 7','PAGADO','2025-06-22 22:16:57'),
(425,236,402.08,'Bizum','Plaza Mayor 1, Puerta 10','PAGADO','2025-11-07 06:59:15'),
(426,260,778.84,'PayPal','Paseo Maritimo 5, Puerta 14','PAGADO','2026-02-15 21:56:12'),
(427,218,401.26,'Bizum','Gran Via 20, Puerta 19','PAGADO','2025-08-11 11:56:28'),
(428,100,351.97,'Transferencia Bancaria','Calle Falsa 123, Puerta 8','PAGADO','2025-04-27 06:14:37'),
(429,139,532.96,'Bizum','Plaza Mayor 1, Puerta 7','PAGADO','2025-07-15 08:05:03'),
(430,268,505.50,'Tarjeta de Crédito','Calle Falsa 123, Puerta 19','PAGADO','2025-06-17 15:42:46'),
(431,248,263.80,'Bizum','Plaza Mayor 1, Puerta 4','PAGADO','2025-07-09 01:17:16'),
(432,210,765.64,'Transferencia Bancaria','Avenida Siempreviva 742, Puerta 8','PAGADO','2026-01-22 07:34:24'),
(433,143,797.10,'Tarjeta de Crédito','Paseo Maritimo 5, Puerta 16','PAGADO','2026-04-22 20:32:55'),
(434,180,63.48,'PayPal','Plaza Mayor 1, Puerta 19','PAGADO','2025-11-23 02:42:39'),
(435,157,33.15,'Transferencia Bancaria','Avenida Siempreviva 742, Puerta 8','PAGADO','2025-11-11 03:38:02'),
(436,139,427.58,'Bizum','Gran Via 20, Puerta 18','PAGADO','2026-03-31 23:16:15'),
(437,262,413.99,'Bizum','Paseo Maritimo 5, Puerta 13','PAGADO','2026-03-31 10:51:15'),
(438,281,782.73,'PayPal','Avenida Siempreviva 742, Puerta 1','PAGADO','2025-11-27 15:46:37'),
(439,127,233.12,'Transferencia Bancaria','Gran Via 20, Puerta 18','PAGADO','2025-11-19 22:58:34'),
(440,285,504.82,'Tarjeta de Crédito','Gran Via 20, Puerta 19','PAGADO','2025-12-14 17:21:06'),
(441,231,49.05,'PayPal','Calle Falsa 123, Puerta 4','PAGADO','2025-10-29 22:26:16'),
(442,143,512.53,'PayPal','Avenida Siempreviva 742, Puerta 13','PAGADO','2025-07-16 10:10:56'),
(443,217,54.45,'PayPal','Calle Falsa 123, Puerta 7','PAGADO','2025-05-09 03:02:11'),
(444,240,133.07,'Bizum','Gran Via 20, Puerta 3','PAGADO','2025-12-29 12:15:11'),
(445,284,21.16,'PayPal','Gran Via 20, Puerta 19','PAGADO','2025-08-24 09:05:55'),
(446,215,444.39,'Bizum','Calle Falsa 123, Puerta 18','PAGADO','2025-11-05 17:58:16'),
(447,243,69.24,'Transferencia Bancaria','Gran Via 20, Puerta 16','PAGADO','2026-01-20 15:51:22'),
(448,208,336.12,'PayPal','Calle Falsa 123, Puerta 7','PAGADO','2025-06-12 22:06:45'),
(449,240,349.18,'Bizum','Plaza Mayor 1, Puerta 15','PAGADO','2026-03-29 21:04:53'),
(450,264,592.52,'Bizum','Gran Via 20, Puerta 15','PAGADO','2026-02-26 11:03:00'),
(451,298,301.25,'Bizum','Gran Via 20, Puerta 20','PAGADO','2025-09-22 18:56:25'),
(452,235,327.90,'PayPal','Plaza Mayor 1, Puerta 6','PAGADO','2026-04-15 22:03:37'),
(453,154,259.50,'Bizum','Gran Via 20, Puerta 19','PAGADO','2025-08-09 10:20:34'),
(454,137,482.05,'PayPal','Plaza Mayor 1, Puerta 20','PAGADO','2025-10-10 04:42:39'),
(455,259,329.41,'Transferencia Bancaria','Avenida Siempreviva 742, Puerta 10','PAGADO','2025-07-26 00:04:47'),
(456,259,296.26,'Tarjeta de Crédito','Plaza Mayor 1, Puerta 13','PAGADO','2025-11-18 19:15:13'),
(457,137,510.43,'Transferencia Bancaria','Calle Falsa 123, Puerta 13','PAGADO','2025-08-11 13:28:36'),
(458,115,434.76,'PayPal','Plaza Mayor 1, Puerta 11','PAGADO','2026-02-10 02:06:31'),
(459,276,226.28,'PayPal','Gran Via 20, Puerta 5','PAGADO','2025-09-09 15:25:53'),
(460,112,397.34,'PayPal','Paseo Maritimo 5, Puerta 10','PAGADO','2025-11-14 09:34:11'),
(461,238,487.05,'Tarjeta de Crédito','Plaza Mayor 1, Puerta 8','PAGADO','2026-03-26 05:37:10'),
(462,237,398.71,'Bizum','Paseo Maritimo 5, Puerta 19','PAGADO','2026-03-25 11:41:27'),
(463,268,433.70,'Transferencia Bancaria','Plaza Mayor 1, Puerta 8','PAGADO','2026-03-19 19:37:35'),
(464,138,592.03,'Tarjeta de Crédito','Plaza Mayor 1, Puerta 2','PAGADO','2025-06-16 08:32:08'),
(465,277,148.13,'Transferencia Bancaria','Gran Via 20, Puerta 20','PAGADO','2025-07-19 02:45:43'),
(466,209,18.15,'PayPal','Plaza Mayor 1, Puerta 17','PAGADO','2026-02-24 16:33:27'),
(467,264,593.42,'Bizum','Avenida Siempreviva 742, Puerta 11','PAGADO','2025-06-21 05:37:11'),
(468,145,255.27,'Transferencia Bancaria','Plaza Mayor 1, Puerta 15','PAGADO','2025-08-07 08:38:09'),
(469,213,383.88,'Tarjeta de Crédito','Calle Falsa 123, Puerta 11','PAGADO','2025-07-25 05:31:04'),
(470,261,352.31,'Bizum','Plaza Mayor 1, Puerta 14','PAGADO','2025-10-02 10:15:34'),
(471,200,175.08,'PayPal','Paseo Maritimo 5, Puerta 2','PAGADO','2026-02-11 08:45:27'),
(472,100,49.05,'Bizum','Calle Falsa 123, Puerta 17','PAGADO','2026-01-09 09:39:02'),
(473,280,752.24,'PayPal','Gran Via 20, Puerta 18','PAGADO','2025-08-28 05:51:06'),
(474,273,686.28,'Bizum','Avenida Siempreviva 742, Puerta 10','PAGADO','2025-06-12 07:29:39'),
(475,260,423.24,'Bizum','Calle Falsa 123, Puerta 19','PAGADO','2025-06-04 15:54:12'),
(476,101,84.64,'Tarjeta de Crédito','Avenida Siempreviva 742, Puerta 8','PAGADO','2025-08-14 04:15:59'),
(477,101,209.42,'Transferencia Bancaria','Gran Via 20, Puerta 2','PAGADO','2025-12-31 06:41:49'),
(478,229,148.13,'Tarjeta de Crédito','Avenida Siempreviva 742, Puerta 15','PAGADO','2025-09-14 01:05:34'),
(479,163,53.48,'PayPal','Calle Falsa 123, Puerta 11','PAGADO','2025-08-03 19:56:02'),
(480,250,1029.64,'PayPal','Plaza Mayor 1, Puerta 15','PAGADO','2026-02-07 16:18:52'),
(481,139,725.77,'Transferencia Bancaria','Avenida Siempreviva 742, Puerta 16','PAGADO','2026-03-31 23:14:57'),
(482,127,426.98,'PayPal','Paseo Maritimo 5, Puerta 5','PAGADO','2025-11-05 09:48:33'),
(483,218,60.79,'PayPal','Paseo Maritimo 5, Puerta 19','PAGADO','2025-11-08 10:18:37'),
(484,192,34.62,'Bizum','Gran Via 20, Puerta 17','PAGADO','2025-05-14 14:03:14'),
(485,109,491.28,'Tarjeta de Crédito','Gran Via 20, Puerta 10','PAGADO','2025-04-29 15:29:34'),
(486,296,491.28,'Transferencia Bancaria','Paseo Maritimo 5, Puerta 19','PAGADO','2025-12-04 18:42:50'),
(487,209,21.16,'Transferencia Bancaria','Gran Via 20, Puerta 16','PAGADO','2025-12-04 16:09:55'),
(488,209,905.99,'Transferencia Bancaria','Plaza Mayor 1, Puerta 17','PAGADO','2025-12-06 13:38:25'),
(489,213,758.36,'Bizum','Calle Falsa 123, Puerta 1','PAGADO','2025-10-08 23:54:39'),
(490,283,452.56,'Tarjeta de Crédito','Paseo Maritimo 5, Puerta 16','PAGADO','2025-11-21 11:12:29'),
(491,295,452.56,'Bizum','Avenida Siempreviva 742, Puerta 18','PAGADO','2025-08-31 12:56:08'),
(492,116,201.04,'Transferencia Bancaria','Avenida Siempreviva 742, Puerta 13','PAGADO','2025-11-06 18:30:51'),
(493,287,543.54,'Tarjeta de Crédito','Avenida Siempreviva 742, Puerta 8','PAGADO','2026-01-15 10:14:07'),
(494,202,314.55,'Transferencia Bancaria','Calle Falsa 123, Puerta 5','PAGADO','2025-12-04 19:53:33'),
(495,211,416.05,'Tarjeta de Crédito','Gran Via 20, Puerta 7','PAGADO','2025-08-13 18:10:08'),
(496,109,115.22,'Tarjeta de Crédito','Paseo Maritimo 5, Puerta 12','PAGADO','2025-05-10 01:42:04'),
(497,203,653.60,'Tarjeta de Crédito','Gran Via 20, Puerta 2','PAGADO','2025-08-20 06:03:51'),
(498,122,237.35,'Tarjeta de Crédito','Plaza Mayor 1, Puerta 13','PAGADO','2025-07-04 00:40:54'),
(499,240,147.15,'Bizum','Plaza Mayor 1, Puerta 11','PAGADO','2025-08-28 00:39:51'),
(500,129,1094.35,'Tarjeta de Crédito','Avenida Siempreviva 742, Puerta 4','PAGADO','2026-01-28 18:01:00'),
(501,273,539.71,'Tarjeta de Crédito','Calle Falsa 123, Puerta 1','PAGADO','2025-12-06 10:58:34'),
(502,125,90.75,'PayPal','Paseo Maritimo 5, Puerta 20','PAGADO','2025-12-29 00:31:26'),
(503,151,116.72,'Transferencia Bancaria','Calle Falsa 123, Puerta 6','PAGADO','2025-11-24 10:28:20'),
(504,131,501.86,'Transferencia Bancaria','Gran Via 20, Puerta 20','PAGADO','2026-01-21 16:19:27'),
(505,214,271.38,'Tarjeta de Crédito','Gran Via 20, Puerta 16','PAGADO','2026-02-23 15:50:42'),
(506,210,109.84,'Bizum','Paseo Maritimo 5, Puerta 3','PAGADO','2025-10-18 05:37:31'),
(507,267,34.62,'Bizum','Avenida Siempreviva 742, Puerta 7','PAGADO','2026-03-13 17:57:58'),
(508,182,149.38,'PayPal','Calle Falsa 123, Puerta 17','PAGADO','2026-01-18 15:53:49'),
(509,238,197.85,'Bizum','Paseo Maritimo 5, Puerta 7','PAGADO','2025-08-04 01:12:25'),
(510,283,132.60,'PayPal','Gran Via 20, Puerta 19','PAGADO','2025-10-01 15:11:25'),
(511,264,203.00,'Tarjeta de Crédito','Avenida Siempreviva 742, Puerta 13','PAGADO','2026-01-02 10:13:38'),
(512,225,259.26,'Bizum','Gran Via 20, Puerta 2','PAGADO','2025-09-07 18:12:33'),
(513,157,509.99,'Tarjeta de Crédito','Avenida Siempreviva 742, Puerta 5','PAGADO','2025-12-02 21:47:28'),
(514,204,472.95,'PayPal','Avenida Siempreviva 742, Puerta 17','PAGADO','2026-01-17 09:23:29'),
(515,271,732.98,'Bizum','Paseo Maritimo 5, Puerta 4','PAGADO','2026-01-10 02:50:30'),
(516,130,506.19,'Bizum','Plaza Mayor 1, Puerta 7','PAGADO','2025-09-19 13:19:15'),
(517,142,694.51,'Tarjeta de Crédito','Calle Falsa 123, Puerta 10','PAGADO','2025-10-06 10:09:30'),
(518,100,302.54,'Bizum','Avenida Siempreviva 742, Puerta 4','PAGADO','2025-11-05 18:32:48'),
(519,147,345.70,'Transferencia Bancaria','Avenida Siempreviva 742, Puerta 16','PAGADO','2026-01-10 11:19:17'),
(520,198,592.52,'Transferencia Bancaria','Paseo Maritimo 5, Puerta 14','PAGADO','2025-07-11 14:11:25'),
(521,285,72.60,'Bizum','Calle Falsa 123, Puerta 1','PAGADO','2026-03-13 23:34:20'),
(522,214,349.00,'Bizum','Gran Via 20, Puerta 1','PAGADO','2026-02-08 23:59:21'),
(523,186,84.64,'Tarjeta de Crédito','Calle Falsa 123, Puerta 16','PAGADO','2025-08-19 10:06:18'),
(524,179,668.37,'Transferencia Bancaria','Gran Via 20, Puerta 13','PAGADO','2025-07-22 01:22:12'),
(525,159,403.06,'Bizum','Avenida Siempreviva 742, Puerta 10','PAGADO','2026-01-03 09:19:22'),
(526,204,201.04,'Transferencia Bancaria','Paseo Maritimo 5, Puerta 8','PAGADO','2025-05-25 13:10:14'),
(527,229,98.10,'Tarjeta de Crédito','Avenida Siempreviva 742, Puerta 12','PAGADO','2026-01-21 21:01:22'),
(528,272,889.40,'PayPal','Plaza Mayor 1, Puerta 2','PAGADO','2026-02-01 22:38:33'),
(529,183,563.13,'Bizum','Gran Via 20, Puerta 4','PAGADO','2025-10-13 07:34:01'),
(530,102,444.39,'Bizum','Plaza Mayor 1, Puerta 15','PAGADO','2025-06-29 16:02:35'),
(531,132,862.61,'Bizum','Plaza Mayor 1, Puerta 5','PAGADO','2026-03-23 00:16:36'),
(532,252,392.90,'Transferencia Bancaria','Gran Via 20, Puerta 8','PAGADO','2026-04-11 04:20:47'),
(533,106,824.99,'Bizum','Gran Via 20, Puerta 2','PAGADO','2025-11-02 17:54:13'),
(534,174,44.89,'Tarjeta de Crédito','Paseo Maritimo 5, Puerta 19','PAGADO','2025-11-17 00:40:04'),
(535,117,559.03,'Tarjeta de Crédito','Paseo Maritimo 5, Puerta 2','PAGADO','2026-01-31 00:48:52'),
(536,163,432.47,'Transferencia Bancaria','Avenida Siempreviva 742, Puerta 4','PAGADO','2025-08-11 03:48:09'),
(537,203,866.31,'PayPal','Avenida Siempreviva 742, Puerta 8','PAGADO','2025-07-01 16:26:15'),
(538,265,1097.42,'Tarjeta de Crédito','Gran Via 20, Puerta 17','PAGADO','2025-10-06 03:51:41'),
(539,194,640.72,'Transferencia Bancaria','Plaza Mayor 1, Puerta 16','PAGADO','2026-01-24 15:36:53'),
(540,267,328.55,'Bizum','Paseo Maritimo 5, Puerta 17','PAGADO','2026-03-16 20:40:14'),
(541,204,447.09,'PayPal','Plaza Mayor 1, Puerta 8','PAGADO','2025-09-05 13:13:30'),
(542,241,99.45,'Bizum','Plaza Mayor 1, Puerta 11','PAGADO','2025-11-28 02:48:27'),
(543,185,57.61,'Bizum','Avenida Siempreviva 742, Puerta 4','PAGADO','2025-12-27 20:53:22'),
(544,123,188.31,'Transferencia Bancaria','Calle Falsa 123, Puerta 19','PAGADO','2026-04-08 17:04:34'),
(545,174,133.54,'Transferencia Bancaria','Calle Falsa 123, Puerta 11','PAGADO','2026-04-05 03:34:47'),
(546,201,470.71,'PayPal','Gran Via 20, Puerta 2','PAGADO','2026-04-17 08:54:44'),
(547,260,30.25,'Bizum','Calle Falsa 123, Puerta 8','PAGADO','2025-09-10 10:22:05'),
(548,257,494.75,'Transferencia Bancaria','Plaza Mayor 1, Puerta 13','PAGADO','2025-05-16 18:57:26'),
(549,275,21.16,'Bizum','Gran Via 20, Puerta 4','PAGADO','2025-11-09 04:13:48'),
(550,278,517.20,'PayPal','Calle Falsa 123, Puerta 17','PAGADO','2025-07-23 17:13:48'),
(551,249,293.83,'Transferencia Bancaria','Paseo Maritimo 5, Puerta 9','PAGADO','2025-07-25 15:08:37'),
(552,275,450.77,'Transferencia Bancaria','Gran Via 20, Puerta 14','PAGADO','2025-07-24 16:26:37'),
(553,215,320.96,'PayPal','Calle Falsa 123, Puerta 8','PAGADO','2025-09-24 22:34:29'),
(554,146,222.13,'PayPal','Avenida Siempreviva 742, Puerta 15','PAGADO','2025-09-26 18:51:56'),
(555,107,694.78,'PayPal','Paseo Maritimo 5, Puerta 9','PAGADO','2025-11-24 12:53:39'),
(556,110,219.68,'Bizum','Plaza Mayor 1, Puerta 17','PAGADO','2025-06-14 20:08:09'),
(557,123,42.32,'Transferencia Bancaria','Avenida Siempreviva 742, Puerta 6','PAGADO','2025-12-25 12:15:12'),
(558,198,329.04,'PayPal','Plaza Mayor 1, Puerta 7','PAGADO','2025-10-19 09:07:22'),
(559,166,339.42,'PayPal','Plaza Mayor 1, Puerta 19','PAGADO','2025-05-03 05:46:54'),
(560,178,398.30,'PayPal','Gran Via 20, Puerta 7','PAGADO','2026-04-06 18:33:13'),
(561,105,1143.05,'Bizum','Plaza Mayor 1, Puerta 13','PAGADO','2025-11-14 16:12:13'),
(562,183,949.64,'Bizum','Calle Falsa 123, Puerta 7','PAGADO','2025-10-27 02:58:31'),
(563,137,370.68,'Tarjeta de Crédito','Gran Via 20, Puerta 10','PAGADO','2026-01-01 13:35:40'),
(564,292,588.71,'Transferencia Bancaria','Gran Via 20, Puerta 10','PAGADO','2025-09-26 04:05:55'),
(565,150,525.59,'PayPal','Gran Via 20, Puerta 14','PAGADO','2026-02-02 20:45:34'),
(566,261,324.69,'Transferencia Bancaria','Paseo Maritimo 5, Puerta 18','PAGADO','2025-10-07 10:16:19'),
(567,257,469.96,'PayPal','Avenida Siempreviva 742, Puerta 17','PAGADO','2026-03-23 22:55:40'),
(568,163,1358.01,'Transferencia Bancaria','Gran Via 20, Puerta 16','PAGADO','2026-03-26 00:34:06'),
(569,297,90.75,'Bizum','Paseo Maritimo 5, Puerta 18','PAGADO','2025-08-07 16:38:49'),
(570,209,709.02,'Bizum','Calle Falsa 123, Puerta 6','PAGADO','2025-12-24 06:43:03'),
(571,132,419.39,'Transferencia Bancaria','Plaza Mayor 1, Puerta 2','PAGADO','2025-12-24 15:02:40'),
(572,256,664.80,'Transferencia Bancaria','Avenida Siempreviva 742, Puerta 7','PAGADO','2025-11-21 16:28:59'),
(573,294,389.29,'Tarjeta de Crédito','Paseo Maritimo 5, Puerta 20','PAGADO','2025-08-04 06:43:06'),
(574,277,536.43,'Transferencia Bancaria','Avenida Siempreviva 742, Puerta 10','PAGADO','2025-12-09 18:48:35'),
(575,207,374.26,'Bizum','Plaza Mayor 1, Puerta 10','PAGADO','2025-08-06 17:46:53'),
(576,179,233.44,'Transferencia Bancaria','Calle Falsa 123, Puerta 17','PAGADO','2025-09-14 06:00:21'),
(577,232,642.94,'Bizum','Gran Via 20, Puerta 5','PAGADO','2026-01-23 11:08:24'),
(578,191,1015.27,'PayPal','Plaza Mayor 1, Puerta 12','PAGADO','2025-09-08 01:12:31'),
(579,188,158.94,'Tarjeta de Crédito','Avenida Siempreviva 742, Puerta 7','PAGADO','2025-11-10 13:10:43'),
(580,219,84.64,'PayPal','Avenida Siempreviva 742, Puerta 5','PAGADO','2025-10-07 14:12:04'),
(581,197,1078.00,'Tarjeta de Crédito','Calle Falsa 123, Puerta 18','PAGADO','2025-12-27 03:00:17'),
(582,251,883.52,'Bizum','Plaza Mayor 1, Puerta 11','PAGADO','2026-01-24 00:05:44'),
(583,107,726.29,'Transferencia Bancaria','Calle Falsa 123, Puerta 15','PAGADO','2026-04-05 20:36:50'),
(584,218,536.09,'PayPal','Calle Falsa 123, Puerta 15','PAGADO','2025-08-16 07:21:45'),
(585,155,123.37,'Bizum','Avenida Siempreviva 742, Puerta 7','PAGADO','2025-10-11 10:06:30'),
(586,210,707.55,'Tarjeta de Crédito','Avenida Siempreviva 742, Puerta 15','PAGADO','2025-10-07 21:36:54'),
(587,215,596.64,'Tarjeta de Crédito','Avenida Siempreviva 742, Puerta 2','PAGADO','2026-01-12 00:38:17'),
(588,227,353.12,'PayPal','Gran Via 20, Puerta 7','PAGADO','2026-04-03 16:37:13'),
(589,169,366.02,'Bizum','Avenida Siempreviva 742, Puerta 9','PAGADO','2025-11-29 18:28:01'),
(590,268,400.18,'Bizum','Avenida Siempreviva 742, Puerta 9','PAGADO','2025-05-18 10:08:18'),
(591,100,642.94,'Tarjeta de Crédito','Calle Falsa 123, Puerta 7','PAGADO','2025-12-30 12:58:03'),
(592,261,115.22,'Tarjeta de Crédito','Plaza Mayor 1, Puerta 13','PAGADO','2025-09-14 08:21:00'),
(593,118,60.79,'Tarjeta de Crédito','Paseo Maritimo 5, Puerta 16','PAGADO','2025-05-18 12:44:43'),
(594,257,239.30,'Bizum','Paseo Maritimo 5, Puerta 7','PAGADO','2025-10-04 06:35:49'),
(595,122,807.80,'Transferencia Bancaria','Calle Falsa 123, Puerta 1','PAGADO','2025-05-31 02:08:15'),
(596,112,372.43,'Transferencia Bancaria','Paseo Maritimo 5, Puerta 12','PAGADO','2025-10-05 18:48:48'),
(597,246,337.49,'Bizum','Plaza Mayor 1, Puerta 4','PAGADO','2026-02-01 07:52:33'),
(598,217,1283.13,'Transferencia Bancaria','Calle Falsa 123, Puerta 15','PAGADO','2026-04-03 10:31:07'),
(599,169,319.55,'PayPal','Calle Falsa 123, Puerta 20','PAGADO','2026-02-05 20:05:56'),
(600,2,146.58,'Tarjeta de Crédito','Avenida Franciso Aguirre 3, Talavera de la Reina, Toledo','PAGADO','2026-04-25 10:45:16'),
(601,2,85.79,'Transferencia','Plaza España 3','PAGADO','2026-04-25 11:13:37');
/*!40000 ALTER TABLE `pedidos` ENABLE KEYS */;
UNLOCK TABLES;
COMMIT;
SET AUTOCOMMIT=@OLD_AUTOCOMMIT;

--
-- Table structure for table `producto_proveedor`
--

DROP TABLE IF EXISTS `producto_proveedor`;
/*!40101 SET @saved_cs_client     = @@character_set_client */;
/*!40101 SET character_set_client = utf8mb4 */;
CREATE TABLE `producto_proveedor` (
  `producto_id` int(11) NOT NULL,
  `proveedor_id` int(11) NOT NULL,
  `precio_suministro` decimal(10,2) NOT NULL,
  PRIMARY KEY (`producto_id`,`proveedor_id`),
  KEY `proveedor_id` (`proveedor_id`),
  CONSTRAINT `producto_proveedor_ibfk_1` FOREIGN KEY (`producto_id`) REFERENCES `productos` (`id`) ON DELETE CASCADE,
  CONSTRAINT `producto_proveedor_ibfk_2` FOREIGN KEY (`proveedor_id`) REFERENCES `proveedores` (`id`) ON DELETE CASCADE
) ENGINE=InnoDB DEFAULT CHARSET=utf8mb4 COLLATE=utf8mb4_unicode_ci;
/*!40101 SET character_set_client = @saved_cs_client */;

--
-- Dumping data for table `producto_proveedor`
--

SET @OLD_AUTOCOMMIT=@@AUTOCOMMIT, @@AUTOCOMMIT=0;
LOCK TABLES `producto_proveedor` WRITE;
/*!40000 ALTER TABLE `producto_proveedor` DISABLE KEYS */;
INSERT INTO `producto_proveedor` VALUES
(1,1,46.09),
(2,1,39.24),
(3,1,24.20),
(4,2,21.39),
(5,3,83.59),
(6,3,90.51),
(7,3,98.26),
(8,3,166.47),
(9,4,65.81),
(11,4,13.85),
(12,4,46.69),
(13,5,52.76),
(14,5,16.93),
(15,6,26.52),
(16,6,40.60),
(17,6,118.50),
(18,6,48.63),
(19,6,53.42),
(20,6,80.42);
/*!40000 ALTER TABLE `producto_proveedor` ENABLE KEYS */;
UNLOCK TABLES;
COMMIT;
SET AUTOCOMMIT=@OLD_AUTOCOMMIT;

--
-- Table structure for table `productos`
--

DROP TABLE IF EXISTS `productos`;
/*!40101 SET @saved_cs_client     = @@character_set_client */;
/*!40101 SET character_set_client = utf8mb4 */;
CREATE TABLE `productos` (
  `id` int(11) NOT NULL AUTO_INCREMENT,
  `categoria_id` int(11) NOT NULL,
  `nombre` varchar(150) NOT NULL,
  `descripcion` text DEFAULT NULL,
  `precio` decimal(10,2) NOT NULL,
  `stock` int(11) NOT NULL DEFAULT 0,
  `es_calculable_volumen` tinyint(1) DEFAULT 0,
  `rendimiento_por_m3` decimal(10,2) DEFAULT NULL COMMENT 'Rendimiento o unidades por m3, usado en la calculadora de volumen',
  `url_imagen` varchar(255) DEFAULT NULL,
  `creado_en` timestamp NOT NULL DEFAULT current_timestamp(),
  PRIMARY KEY (`id`),
  KEY `categoria_id` (`categoria_id`),
  CONSTRAINT `productos_ibfk_1` FOREIGN KEY (`categoria_id`) REFERENCES `categorias` (`id`)
) ENGINE=InnoDB AUTO_INCREMENT=22 DEFAULT CHARSET=utf8mb4 COLLATE=utf8mb4_unicode_ci;
/*!40101 SET character_set_client = @saved_cs_client */;

--
-- Dumping data for table `productos`
--

SET @OLD_AUTOCOMMIT=@@AUTOCOMMIT, @@AUTOCOMMIT=0;
LOCK TABLES `productos` WRITE;
/*!40000 ALTER TABLE `productos` DISABLE KEYS */;
INSERT INTO `productos` VALUES
(1,1,'Taladro atornillador 12V REVDD12C-QW','Taladro atornillador compacto con batería 12V de alta eficiencia\r\n\r\nCarcasa fabricada con Tritan Renew 50% de material reciclado certificado \r\nFabricado a partir de 8 botellas de plástico de un solo uso (Contiene una cantidad de plástico reciclado equivalente al peso de 8 botellas de plástico de 0,5L (10,3g) de un solo uso)',57.61,20,0,NULL,'https://www.blackanddecker.es/EMEA/PRODUCT/IMAGES/HIRES/Ecomm_Large-REVDD12C_1.jpg?resize=530x530','2026-03-04 17:56:50'),
(2,1,'Taladro percutor 12V REVHD12C-QW','Taladro percutor de alto rendimiento con un par máximo de 40 Nm para perforación en mampostería y hormigón.\r\n\r\nDiseño ergonómico, compacto y ligero que permite trabajar en espacios reducidos y reduce la fatiga durante el uso diario.\r\n\r\nGatillo de velocidad variable para un máximo control. Para cubrir la mayoría de las aplicaciones diarias de bricolaje en el hogar y al aire libre',49.05,20,0,NULL,'https://www.blackanddecker.es/EMEA/PRODUCT/IMAGES/HIRES/Ecomm_Large-REVHD12C_4.jpg?resize=530x530','2026-03-04 17:56:50'),
(3,1,'Sierra de calar 12V REVJ12C-QW','Esta sierra de calar sin cable 12V tiene la potencia y la versatilidad que necesita para cortar perfiles, curvas y esquinas con facilidad y precisión. Diseño compacto y ergonómico, ideal para realizar tareas de corte precisas.\r\n\r\nCarcasa fabricada con Tritan Renew 50% de material reciclado certificado \r\nFabricado a partir de 8 botellas de plástico de un solo uso (Contiene una cantidad de plástico reciclado equivalente al peso de 8 botellas de plástico de 0,5L (10,3g) de un solo uso)',30.25,15,0,NULL,'https://www.blackanddecker.es/EMEA/PRODUCT/IMAGES/HIRES/Ecomm_Large-REVJ12C_1.jpg?resize=530x530','2026-03-04 17:56:50'),
(4,2,'Radio de emergencia solar RescueWave','Prepárate para cualquier situación con RescueWave, la radio de emergencia versátil y sostenible diseñada para mantenerte conectado, iluminado y con energía en momentos clave. Fabricada con plástico ABS reciclado certificado RCS (Recycled Claim Standard), este dispositivo combina innovación, seguridad y compromiso ambiental.',26.74,20,0,NULL,'https://firstgreen.es/cdn/shop/files/RadiodeEmergenciaconLinternayPowerBankdeCargaSolaryManivelaSostenibledeABSRecicladoconCertificadoRCSPersonalizableRescueWave_1.jpg?v=1758013678','2026-03-04 17:56:50'),
(5,3,'Graphenstone Ecosphere Premium Blanco 15L','Pintura de interior de base cal, Graphenstone Ecosphere, en color blanco con acabado mate. \r\n\r\nPintura mineral natural muy lavable, gran blancura y altamente transpirable, ayudando a reducir problemas de humedad. \r\n\r\nAbsorbe CO₂ durante su proceso de curación y gracias a su alto pH inhibe las bacterias y los virus evitando que se adhieran a las paredes, reduciendo además los problemas de alergias por ácaros, moho, etc.',104.49,35,1,2.50,'https://media.adeo.com/media/2139771/media.jpg?width=650&height=650&format=jpg&quality=80&fit=bounds','2026-03-04 17:56:50'),
(6,3,'Graphenstone Biosphere Premium 15L','Pintura mineral ecológica especialmente indicada para fachadas con acabado mate. Gracias a su fórmula basada en cal 100% artesanal, el producto absorbe CO2 y presenta una excelente transpirabilidad evitando condensaciones.\r\n\r\nCon tecnología Graphenstone para una mayor resistencia y durabilidad. Es ideal para construcción, restauración y repintados. \r\n\r\nDispone de la etiqueta Ecolabel, que certifica que es un producto respetuoso con la salud de las personas y el medioambiente. Contenido: 15 litros.\r\n\r\nPor su fórmula en base cal artesanal con tecnología de grafeno es transpirable, evita las condensaciones, no amarillea y absorbe CO2.',113.14,35,1,2.50,'https://media.adeo.com/media/2139979/media.jpeg?width=650&height=650&format=jpg&quality=80&fit=bounds','2026-03-04 17:56:50'),
(7,3,'Graphenstone AmbientPro+ Premium 15L','Pintura fotocatalítica, Graphenstone AmbientPro+, en color blanco con acabado mate para uso interior y exterior. Descompone compuestos orgánicos y gases inorgánicos por la incidencia de la luz, ya sea natural o artificial. \r\n\r\nFavorece la eliminación de olores de animales domésticos, tabaco, etc.\r\n\r\nMuy lavable, absorbe CO₂ durante su proceso de curación y gracias a su alto pH inhibe las bacterias y los virus evitando que se adhieran a las paredes, reduciendo además los problemas de alergias por ácaros, moho, etc. ',122.82,30,1,2.50,'https://media.adeo.com/media/2125923/media.jpg?width=650&height=650&format=jpg&quality=80&fit=bounds','2026-03-04 17:56:50'),
(8,3,'Graphenstone GrafClean Premium 15L','Pintura Blanca Ecológica Graphenstone GrafClean Premium es una pintura mate de interior y exterior base agua que no contiene sustancias tóxicas y es transpirable. Libre de COVs y certificada* para el control de la humedad y Con gran resistencia y durabilidad.\r\n\r\nEs ideal para renovar para interiores y exteriores no expuestos. Se recomienda 2 manos sobre una pared ya blanca. Te recomendamos los utensilios necesarios para su aplicación.',208.09,20,1,2.50,'https://pinturas-andalucia.com/1170-large_default/pintura-blanca-ecologica-graphenstone-grafclean-premium.jpg','2026-03-04 17:56:50'),
(9,3,'KEIM Soldalit-Grob 5kg','Pintura de sol-silicato con ligero efecto de relleno, para manos de fondo e intermedias en el sistema KEIM Soldalit.\r\n\r\nPara igualar diferencias de textura y para rellenar pequeñas fisuras capilares en la renovación o la nueva aplicación en soportes ligados con resinas o siliconas, así como en soportes minerales.\r\n\r\nKEIM Soldalit-Grob no es adecuada para la mano de acabado. \r\n\r\nKEIM Soldalit-Grob está certificado Cradle to Cradle Certified® Silver y C2C Certified Material Health Certificate™ Gold.',82.26,20,1,4.00,'https://www.keim.com/data/_processed_/c/d/csm_PA_EI_Soldalit-Grob_18kg_06_b930eea792.png','2026-03-04 17:56:50'),
(11,3,'KEIM Soldalit-Fixativ','Imprimación y diluyente a base de sol-silicato (combinación de sol de sílice y silicato potásico). \r\n\r\nSe emplea como imprimación en soportes o zonas parciales muy absorbentes, o para diluir KEIM Soldalit® y KEIM Soldalit-Grob en la mano de fondo en soportes muy absorbentes.\r\n\r\nKEIM Soldalit-Fixativ está certificado Cradle to Cradle Certified® Silver y C2C Certified Material Health Certificate™ Gold.',17.31,20,1,5.00,'https://www.keim.com/data/_processed_/2/5/csm_PA_KA_Soldalit-Fixativ_20l_06_f43b5c056b.png','2026-03-04 17:56:50'),
(12,3,'KEIM Soldalit-Coolit 2.5kg','Pintura innovadora de sol-silicato para reducir el recalentamiento solar en colores intensos.\r\n\r\nKEIM Soldalit-Coolit es hidrófuga, estable a la luz, y altamente resistente a la intemperie.\r\n\r\nContenido orgánico < 5% KEIM Soldalit-Coolit está certificado Cradle to Cradle Certified® Silver y C2C Certified Material Health Certificate™ Gold.',58.36,25,1,4.00,'https://www.keim.com/data/_processed_/7/a/csm_PA_EI_Soldalit-Coolit_18kg_4c_rgb_9dd47af1d2.png','2026-03-04 17:56:50'),
(13,3,'Oropal Orokril 156 15L','Revestimiento mate agua a base de emulsión estireno acrílica para la decoración de interiores y exteriores por su buena impermeabilidad al agua y resistencia a los agentes atmosféricos.\r\n\r\nTranspirable al vapor de agua y CO2. Contiene conservantes que dotan a la pintura de protección fungicida y anti-moho. Con certificado B-s1,d0 de reacción frente al fuego.',65.95,40,1,2.00,'https://www.oropal.com/wp-content/uploads/orokril-156.png','2026-03-04 17:56:50'),
(14,3,'Oropal Esmalte Oroxite 230 750ml','Esmalte acrílico directo al óxido de elevado poder antioxidante.\r\nLa excelente adherencia e impermeabilidad de este esmalte al agua permiten su aplicación sobre gran cantidad de superficies protegiéndolas frente a la oxidación sin necesidad de imprimación previa. Formulado a base de resinas no amarilleantes.\r\n\r\nSu película seca es capaz de bloquear el óxido y ofrecer una excelente protección que supera los ensayos exigidos por la norma UNE EN ISO 12944-6:2018 para ambientes altamente corrosivos C5 con una duración de hasta 15 años, según informe de validación realizado por CIDETEC (Centro Tecnológico Homologado).\r\n\r\nPermite la aplicación de 2 manos en un solo día garantizando una resistencia a largo plazo',21.16,25,1,8.00,'https://www.oropal.com/wp-content/uploads/oroxite-230.png','2026-03-04 17:56:50'),
(15,4,'Finsa SuperPan EZ 2440x1220x19mm','El SuperPan® EZ es un tablero compuesto por caras de fibra de madera e interior de partículas apto para utilización general en ambiente seco.\n\nPresenta una superficie lisa y compacta de fibras, adecuada para una gran amplitud de revestimientos decorativos, con todas las ventajas de los tableros SuperPan®.',33.15,30,1,12.00,'https://www.finsa.com/documents/d/guest/superpan-_19mm-1-.jpeg','2026-03-04 17:56:50'),
(16,4,'Finsa SuperPan Top 19mm 2440x1220','El SuperPan® Top es un tablero compuesto por caras de fibra de madera de hasta 4 mm de espesor e interior de partículas apto para utilización general en ambiente seco. \r\n\r\nPresenta una superficie lisa y compacta de fibras, adecuada para una gran amplitud de revestimientos decorativos, con todas las ventajas de los tableros SuperPan®.\r\n\r\nSu capa de fibras de 4mm de espesor permite mecanizados más profundos en caras.',50.75,35,1,1.00,'https://www.finsa.com/documents/d/guest/superpan-star-top_35mm-1-.jpeg','2026-03-04 17:56:50'),
(17,4,'Finsa SuperPan EZ 30mm 2850x2100','El SuperPan® EZ es un tablero compuesto por caras de fibra de madera e interior de partículas apto para utilización general en ambiente seco.\n\nPresenta una superficie lisa y compacta de fibras, adecuada para una gran amplitud de revestimientos decorativos, con todas las ventajas de los tableros SuperPan®.',148.13,20,1,1.00,'https://www.finsa.com/documents/d/guest/superpan-_19mm-1-.jpeg','2026-03-04 17:56:50'),
(18,4,'Finsa SuperPan A13 Haya blanca 2440x1220x10mm','Chapa de haya blanca que presenta un color muy claro y uniforme, tendiendo hacia un beige muy pálido, casi crema, con un ligero matiz rosado o amarillento apenas perceptible. El grano de la madera es predominantemente fino y recto, con una textura muy sutil y consistente. Se aprecian algunas variaciones tonales muy suaves que le dan un aspecto natural. La uniformidad general es notable.',60.79,32,1,14.00,'https://www.finsa.com/documents/d/guest/haya-blanca-033-2440x1220_crop.jpg','2026-03-04 17:56:50'),
(19,4,'Finsa SuperPan Haya Blanca 2440x1220x16mm','Chapa de haya blanca que presenta un color muy claro y uniforme, tendiendo hacia un beige muy pálido, casi crema, con un ligero matiz rosado o amarillento apenas perceptible. El grano de la madera es predominantemente fino y recto, con una textura muy sutil y consistente. Se aprecian algunas variaciones tonales muy suaves que le dan un aspecto natural. La uniformidad general es notable.',66.77,35,1,13.00,'https://www.finsa.com/documents/d/guest/haya-blanca-033-2440x1220_crop.jpg','2026-03-04 17:56:50'),
(20,4,'Finsa SuperPan Haya blanca 2440x1220x30mm','Chapa de haya blanca que presenta un color muy claro y uniforme, tendiendo hacia un beige muy pálido, casi crema, con un ligero matiz rosado o amarillento apenas perceptible. El grano de la madera es predominantemente fino y recto, con una textura muy sutil y consistente. Se aprecian algunas variaciones tonales muy suaves que le dan un aspecto natural. La uniformidad general es notable.',100.52,25,1,8.00,'https://www.finsa.com/documents/d/guest/haya-blanca-033-2440x1220_crop.jpg','2026-03-04 17:56:50'),
(21,3,'KEIM Soldalit-Grob','Pintura de sol-silicato con ligero efecto de relleno, para manos de fondo e intermedias en el sistema KEIM Soldalit.\r\n\r\nPara igualar diferencias de textura y para rellenar pequeñas fisuras capilares en la renovación o la nueva aplicación en soportes ligados con resinas o siliconas, así como en soportes minerales.\r\n\r\nKEIM Soldalit-Grob no es adecuada para la mano de acabado.\r\n\r\nKEIM Soldalit-Grob está certificado Cradle to Cradle Certified® Silver y C2C Certified Material Health Certificate™ Gold.',18.15,20,1,4.00,'https://www.keim.com/data/_processed_/c/d/csm_PA_EI_Soldalit-Grob_18kg_06_b930eea792.png','2026-03-04 19:26:37');
/*!40000 ALTER TABLE `productos` ENABLE KEYS */;
UNLOCK TABLES;
COMMIT;
SET AUTOCOMMIT=@OLD_AUTOCOMMIT;

--
-- Table structure for table `proveedores`
--

DROP TABLE IF EXISTS `proveedores`;
/*!40101 SET @saved_cs_client     = @@character_set_client */;
/*!40101 SET character_set_client = utf8mb4 */;
CREATE TABLE `proveedores` (
  `id` int(11) NOT NULL AUTO_INCREMENT,
  `nombre_empresa` varchar(150) NOT NULL,
  `nombre_contacto` varchar(100) DEFAULT NULL,
  `email` varchar(150) DEFAULT NULL,
  `telefono` varchar(20) DEFAULT NULL,
  PRIMARY KEY (`id`)
) ENGINE=InnoDB AUTO_INCREMENT=7 DEFAULT CHARSET=utf8mb4 COLLATE=utf8mb4_unicode_ci;
/*!40101 SET character_set_client = @saved_cs_client */;

--
-- Dumping data for table `proveedores`
--

SET @OLD_AUTOCOMMIT=@@AUTOCOMMIT, @@AUTOCOMMIT=0;
LOCK TABLES `proveedores` WRITE;
/*!40000 ALTER TABLE `proveedores` DISABLE KEYS */;
INSERT INTO `proveedores` VALUES
(1,'Black+Decker','Soporte EU','soporte@blackanddecker.eu','+34911223344'),
(2,'FirstGreen','Ventas FirstGreen','ventas@firstgreen.es','+34911225566'),
(3,'Graphenstone','Departamento Ventas Graphenstone','ventas@graphenstone.com','+34911223355'),
(4,'KEIM','Ventas KEIM Iberia','info@keim.com','+34911224455'),
(5,'Oropal','Sales Oropal','ventas@oropal.es','+34911225577'),
(6,'Finsa','Departamento Ventas Finsa','ventas@finsa.com','+34911226688');
/*!40000 ALTER TABLE `proveedores` ENABLE KEYS */;
UNLOCK TABLES;
COMMIT;
SET AUTOCOMMIT=@OLD_AUTOCOMMIT;

--
-- Table structure for table `roles`
--

DROP TABLE IF EXISTS `roles`;
/*!40101 SET @saved_cs_client     = @@character_set_client */;
/*!40101 SET character_set_client = utf8mb4 */;
CREATE TABLE `roles` (
  `id` int(11) NOT NULL AUTO_INCREMENT,
  `nombre` varchar(50) NOT NULL,
  PRIMARY KEY (`id`),
  UNIQUE KEY `nombre` (`nombre`)
) ENGINE=InnoDB AUTO_INCREMENT=3 DEFAULT CHARSET=utf8mb4 COLLATE=utf8mb4_unicode_ci;
/*!40101 SET character_set_client = @saved_cs_client */;

--
-- Dumping data for table `roles`
--

SET @OLD_AUTOCOMMIT=@@AUTOCOMMIT, @@AUTOCOMMIT=0;
LOCK TABLES `roles` WRITE;
/*!40000 ALTER TABLE `roles` DISABLE KEYS */;
INSERT INTO `roles` VALUES
(1,'Admin'),
(2,'Cliente');
/*!40000 ALTER TABLE `roles` ENABLE KEYS */;
UNLOCK TABLES;
COMMIT;
SET AUTOCOMMIT=@OLD_AUTOCOMMIT;

--
-- Table structure for table `usuarios`
--

DROP TABLE IF EXISTS `usuarios`;
/*!40101 SET @saved_cs_client     = @@character_set_client */;
/*!40101 SET character_set_client = utf8mb4 */;
CREATE TABLE `usuarios` (
  `id` int(11) NOT NULL AUTO_INCREMENT,
  `rol_id` int(11) NOT NULL,
  `nombre` varchar(100) NOT NULL,
  `email` varchar(150) NOT NULL,
  `contrasena` varchar(255) NOT NULL,
  `token_verificacion` varchar(255) DEFAULT NULL,
  `esta_verificado` tinyint(1) DEFAULT 0,
  `direccion_predeterminada` varchar(255) DEFAULT NULL,
  `creado_en` timestamp NOT NULL DEFAULT current_timestamp(),
  PRIMARY KEY (`id`),
  UNIQUE KEY `email` (`email`),
  KEY `rol_id` (`rol_id`),
  CONSTRAINT `usuarios_ibfk_1` FOREIGN KEY (`rol_id`) REFERENCES `roles` (`id`)
) ENGINE=InnoDB AUTO_INCREMENT=300 DEFAULT CHARSET=utf8mb4 COLLATE=utf8mb4_unicode_ci;
/*!40101 SET character_set_client = @saved_cs_client */;

--
-- Dumping data for table `usuarios`
--

SET @OLD_AUTOCOMMIT=@@AUTOCOMMIT, @@AUTOCOMMIT=0;
LOCK TABLES `usuarios` WRITE;
/*!40000 ALTER TABLE `usuarios` DISABLE KEYS */;
INSERT INTO `usuarios` VALUES
(2,1,'Administrador','manuel.mariscalmunoz@riberadeltajo.es','$2y$10$MPKqdCNMbXDECFDK090b2uA8LeObxkFR7tkLl3j1V.YLGOe2tqCza',NULL,1,NULL,'2026-03-04 18:04:10'),
(3,2,'Guillermo Etayo','mateoruinas@gmail.com','$2y$10$3Aiqj7nxvaTcOYcMVof1BugaluOIPeLUj/gEHiPcKiLJCjzVKqqS.',NULL,1,NULL,'2026-03-04 21:26:38'),
(4,1,'Admin','admin@talavera.es','$2y$10$V2sgFQAcqAMn7mnSgm/x8.CjSp0nHB5oRCB2bDXkoLrYqPLPGzE9O',NULL,1,NULL,'2026-03-05 15:16:07'),
(100,2,'Javier Munoz Diaz','user_100@ejemplo.com','$2y$10$MPKqdCNMbXDECFDK090b2uA8LeObxkFR7tkLl3j1V.YLGOe2tqCza',NULL,1,NULL,'2025-06-25 00:10:18'),
(101,2,'Jose Martin Munoz','user_101@ejemplo.com','$2y$10$MPKqdCNMbXDECFDK090b2uA8LeObxkFR7tkLl3j1V.YLGOe2tqCza',NULL,1,NULL,'2025-12-08 10:17:48'),
(102,2,'Miguel Munoz Perez','user_102@ejemplo.com','$2y$10$MPKqdCNMbXDECFDK090b2uA8LeObxkFR7tkLl3j1V.YLGOe2tqCza',NULL,1,NULL,'2026-01-01 08:48:48'),
(103,2,'Alejandro Moreno Martinez','user_103@ejemplo.com','$2y$10$MPKqdCNMbXDECFDK090b2uA8LeObxkFR7tkLl3j1V.YLGOe2tqCza',NULL,1,NULL,'2026-01-01 20:15:19'),
(104,2,'Javier Martinez Diaz','user_104@ejemplo.com','$2y$10$MPKqdCNMbXDECFDK090b2uA8LeObxkFR7tkLl3j1V.YLGOe2tqCza',NULL,1,NULL,'2025-11-22 13:13:49'),
(105,2,'Jorge Ruiz Gomez','user_105@ejemplo.com','$2y$10$MPKqdCNMbXDECFDK090b2uA8LeObxkFR7tkLl3j1V.YLGOe2tqCza',NULL,1,NULL,'2026-04-18 08:09:42'),
(106,2,'Alejandro Sanchez Rodriguez','user_106@ejemplo.com','$2y$10$MPKqdCNMbXDECFDK090b2uA8LeObxkFR7tkLl3j1V.YLGOe2tqCza',NULL,1,NULL,'2025-08-09 00:38:46'),
(107,2,'Ana Munoz Sanchez','user_107@ejemplo.com','$2y$10$MPKqdCNMbXDECFDK090b2uA8LeObxkFR7tkLl3j1V.YLGOe2tqCza',NULL,1,NULL,'2025-09-25 00:44:28'),
(108,2,'Alejandro Alvarez Alvarez','user_108@ejemplo.com','$2y$10$MPKqdCNMbXDECFDK090b2uA8LeObxkFR7tkLl3j1V.YLGOe2tqCza',NULL,1,NULL,'2025-07-07 22:52:27'),
(109,2,'Alejandro Rodriguez Gonzalez','user_109@ejemplo.com','$2y$10$MPKqdCNMbXDECFDK090b2uA8LeObxkFR7tkLl3j1V.YLGOe2tqCza',NULL,1,NULL,'2025-07-11 05:57:43'),
(110,2,'Jorge Gonzalez Perez','user_110@ejemplo.com','$2y$10$MPKqdCNMbXDECFDK090b2uA8LeObxkFR7tkLl3j1V.YLGOe2tqCza',NULL,1,NULL,'2026-01-11 18:39:45'),
(111,2,'Carmen Martin Munoz','user_111@ejemplo.com','$2y$10$MPKqdCNMbXDECFDK090b2uA8LeObxkFR7tkLl3j1V.YLGOe2tqCza',NULL,1,NULL,'2026-03-31 02:54:33'),
(112,2,'Carmen Gonzalez Munoz','user_112@ejemplo.com','$2y$10$MPKqdCNMbXDECFDK090b2uA8LeObxkFR7tkLl3j1V.YLGOe2tqCza',NULL,1,NULL,'2025-06-09 10:21:40'),
(113,2,'Elena Perez Diaz','user_113@ejemplo.com','$2y$10$MPKqdCNMbXDECFDK090b2uA8LeObxkFR7tkLl3j1V.YLGOe2tqCza',NULL,1,NULL,'2026-01-25 01:44:40'),
(114,2,'Marta Rodriguez Ruiz','user_114@ejemplo.com','$2y$10$MPKqdCNMbXDECFDK090b2uA8LeObxkFR7tkLl3j1V.YLGOe2tqCza',NULL,1,NULL,'2025-07-19 08:19:08'),
(115,2,'Lucia Lopez Lopez','user_115@ejemplo.com','$2y$10$MPKqdCNMbXDECFDK090b2uA8LeObxkFR7tkLl3j1V.YLGOe2tqCza',NULL,1,NULL,'2026-02-25 17:18:05'),
(116,2,'Carlos Ruiz Martin','user_116@ejemplo.com','$2y$10$MPKqdCNMbXDECFDK090b2uA8LeObxkFR7tkLl3j1V.YLGOe2tqCza',NULL,1,NULL,'2025-08-30 13:07:52'),
(117,2,'Ana Garcia Moreno','user_117@ejemplo.com','$2y$10$MPKqdCNMbXDECFDK090b2uA8LeObxkFR7tkLl3j1V.YLGOe2tqCza',NULL,1,NULL,'2025-12-18 19:07:56'),
(118,2,'Sara Diaz Hernandez','user_118@ejemplo.com','$2y$10$MPKqdCNMbXDECFDK090b2uA8LeObxkFR7tkLl3j1V.YLGOe2tqCza',NULL,1,NULL,'2025-05-17 12:56:37'),
(119,2,'Carmen Fernandez Lopez','user_119@ejemplo.com','$2y$10$MPKqdCNMbXDECFDK090b2uA8LeObxkFR7tkLl3j1V.YLGOe2tqCza',NULL,1,NULL,'2026-04-02 11:16:36'),
(120,2,'Javier Lopez Ruiz','user_120@ejemplo.com','$2y$10$MPKqdCNMbXDECFDK090b2uA8LeObxkFR7tkLl3j1V.YLGOe2tqCza',NULL,1,NULL,'2026-02-08 12:12:56'),
(121,2,'Elena Lopez Sanchez','user_121@ejemplo.com','$2y$10$MPKqdCNMbXDECFDK090b2uA8LeObxkFR7tkLl3j1V.YLGOe2tqCza',NULL,1,NULL,'2026-04-07 21:16:59'),
(122,2,'Ana Lopez Hernandez','user_122@ejemplo.com','$2y$10$MPKqdCNMbXDECFDK090b2uA8LeObxkFR7tkLl3j1V.YLGOe2tqCza',NULL,1,NULL,'2026-01-28 18:05:42'),
(123,2,'Carlos Ruiz Moreno','user_123@ejemplo.com','$2y$10$MPKqdCNMbXDECFDK090b2uA8LeObxkFR7tkLl3j1V.YLGOe2tqCza',NULL,1,NULL,'2025-06-08 20:57:19'),
(124,2,'Jose Perez Moreno','user_124@ejemplo.com','$2y$10$MPKqdCNMbXDECFDK090b2uA8LeObxkFR7tkLl3j1V.YLGOe2tqCza',NULL,1,NULL,'2025-06-06 10:37:19'),
(125,2,'Jose Gonzalez Ruiz','user_125@ejemplo.com','$2y$10$MPKqdCNMbXDECFDK090b2uA8LeObxkFR7tkLl3j1V.YLGOe2tqCza',NULL,1,NULL,'2025-07-03 18:38:09'),
(126,2,'Sara Martinez Rodriguez','user_126@ejemplo.com','$2y$10$MPKqdCNMbXDECFDK090b2uA8LeObxkFR7tkLl3j1V.YLGOe2tqCza',NULL,1,NULL,'2026-03-17 07:54:01'),
(127,2,'Elena Diaz Fernandez','user_127@ejemplo.com','$2y$10$MPKqdCNMbXDECFDK090b2uA8LeObxkFR7tkLl3j1V.YLGOe2tqCza',NULL,1,NULL,'2025-08-08 16:53:22'),
(128,2,'Laura Munoz Alvarez','user_128@ejemplo.com','$2y$10$MPKqdCNMbXDECFDK090b2uA8LeObxkFR7tkLl3j1V.YLGOe2tqCza',NULL,1,NULL,'2026-03-19 14:16:41'),
(129,2,'Elena Diaz Hernandez','user_129@ejemplo.com','$2y$10$MPKqdCNMbXDECFDK090b2uA8LeObxkFR7tkLl3j1V.YLGOe2tqCza',NULL,1,NULL,'2025-10-21 01:09:52'),
(130,2,'Jorge Alvarez Alvarez','user_130@ejemplo.com','$2y$10$MPKqdCNMbXDECFDK090b2uA8LeObxkFR7tkLl3j1V.YLGOe2tqCza',NULL,1,NULL,'2026-02-23 11:04:07'),
(131,2,'Jose Diaz Fernandez','user_131@ejemplo.com','$2y$10$MPKqdCNMbXDECFDK090b2uA8LeObxkFR7tkLl3j1V.YLGOe2tqCza',NULL,1,NULL,'2025-11-19 23:58:19'),
(132,2,'Lucia Martin Garcia','user_132@ejemplo.com','$2y$10$MPKqdCNMbXDECFDK090b2uA8LeObxkFR7tkLl3j1V.YLGOe2tqCza',NULL,1,NULL,'2026-02-02 23:45:12'),
(133,2,'Carlos Moreno Gomez','user_133@ejemplo.com','$2y$10$MPKqdCNMbXDECFDK090b2uA8LeObxkFR7tkLl3j1V.YLGOe2tqCza',NULL,1,NULL,'2025-11-30 02:23:50'),
(134,2,'Alejandro Diaz Gomez','user_134@ejemplo.com','$2y$10$MPKqdCNMbXDECFDK090b2uA8LeObxkFR7tkLl3j1V.YLGOe2tqCza',NULL,1,NULL,'2025-08-04 00:36:32'),
(135,2,'Miguel Fernandez Alvarez','user_135@ejemplo.com','$2y$10$MPKqdCNMbXDECFDK090b2uA8LeObxkFR7tkLl3j1V.YLGOe2tqCza',NULL,1,NULL,'2026-01-17 03:39:58'),
(136,2,'Jorge Gonzalez Gonzalez','user_136@ejemplo.com','$2y$10$MPKqdCNMbXDECFDK090b2uA8LeObxkFR7tkLl3j1V.YLGOe2tqCza',NULL,1,NULL,'2026-03-23 14:03:57'),
(137,2,'Sara Perez Martinez','user_137@ejemplo.com','$2y$10$MPKqdCNMbXDECFDK090b2uA8LeObxkFR7tkLl3j1V.YLGOe2tqCza',NULL,1,NULL,'2025-12-12 08:21:10'),
(138,2,'Elena Diaz Lopez','user_138@ejemplo.com','$2y$10$MPKqdCNMbXDECFDK090b2uA8LeObxkFR7tkLl3j1V.YLGOe2tqCza',NULL,1,NULL,'2026-04-21 15:53:49'),
(139,2,'Laura Gonzalez Alvarez','user_139@ejemplo.com','$2y$10$MPKqdCNMbXDECFDK090b2uA8LeObxkFR7tkLl3j1V.YLGOe2tqCza',NULL,1,NULL,'2026-03-07 03:10:37'),
(140,2,'Lucia Garcia Hernandez','user_140@ejemplo.com','$2y$10$MPKqdCNMbXDECFDK090b2uA8LeObxkFR7tkLl3j1V.YLGOe2tqCza',NULL,1,NULL,'2025-12-17 10:01:41'),
(141,2,'Sara Perez Fernandez','user_141@ejemplo.com','$2y$10$MPKqdCNMbXDECFDK090b2uA8LeObxkFR7tkLl3j1V.YLGOe2tqCza',NULL,1,NULL,'2025-08-08 20:18:27'),
(142,2,'Daniel Lopez Fernandez','user_142@ejemplo.com','$2y$10$MPKqdCNMbXDECFDK090b2uA8LeObxkFR7tkLl3j1V.YLGOe2tqCza',NULL,1,NULL,'2026-01-23 02:02:25'),
(143,2,'Sara Gonzalez Ruiz','user_143@ejemplo.com','$2y$10$MPKqdCNMbXDECFDK090b2uA8LeObxkFR7tkLl3j1V.YLGOe2tqCza',NULL,1,NULL,'2025-10-01 07:19:56'),
(144,2,'Sara Martin Rodriguez','user_144@ejemplo.com','$2y$10$MPKqdCNMbXDECFDK090b2uA8LeObxkFR7tkLl3j1V.YLGOe2tqCza',NULL,1,NULL,'2025-09-13 19:38:27'),
(145,2,'Javier Alvarez Martinez','user_145@ejemplo.com','$2y$10$MPKqdCNMbXDECFDK090b2uA8LeObxkFR7tkLl3j1V.YLGOe2tqCza',NULL,1,NULL,'2025-10-30 00:23:11'),
(146,2,'Ana Munoz Munoz','user_146@ejemplo.com','$2y$10$MPKqdCNMbXDECFDK090b2uA8LeObxkFR7tkLl3j1V.YLGOe2tqCza',NULL,1,NULL,'2025-09-06 00:08:21'),
(147,2,'Lucia Lopez Rodriguez','user_147@ejemplo.com','$2y$10$MPKqdCNMbXDECFDK090b2uA8LeObxkFR7tkLl3j1V.YLGOe2tqCza',NULL,1,NULL,'2025-11-02 13:18:48'),
(148,2,'Sara Lopez Alvarez','user_148@ejemplo.com','$2y$10$MPKqdCNMbXDECFDK090b2uA8LeObxkFR7tkLl3j1V.YLGOe2tqCza',NULL,1,NULL,'2025-09-04 06:26:03'),
(149,2,'Elena Perez Fernandez','user_149@ejemplo.com','$2y$10$MPKqdCNMbXDECFDK090b2uA8LeObxkFR7tkLl3j1V.YLGOe2tqCza',NULL,1,NULL,'2025-07-14 05:14:41'),
(150,2,'Miguel Diaz Alvarez','user_150@ejemplo.com','$2y$10$MPKqdCNMbXDECFDK090b2uA8LeObxkFR7tkLl3j1V.YLGOe2tqCza',NULL,1,NULL,'2026-03-20 02:29:44'),
(151,2,'Jose Fernandez Perez','user_151@ejemplo.com','$2y$10$MPKqdCNMbXDECFDK090b2uA8LeObxkFR7tkLl3j1V.YLGOe2tqCza',NULL,1,NULL,'2025-06-18 01:46:46'),
(152,2,'Miguel Gonzalez Hernandez','user_152@ejemplo.com','$2y$10$MPKqdCNMbXDECFDK090b2uA8LeObxkFR7tkLl3j1V.YLGOe2tqCza',NULL,1,NULL,'2025-12-29 17:08:16'),
(153,2,'Daniel Perez Fernandez','user_153@ejemplo.com','$2y$10$MPKqdCNMbXDECFDK090b2uA8LeObxkFR7tkLl3j1V.YLGOe2tqCza',NULL,1,NULL,'2025-06-28 06:10:47'),
(154,2,'David Gonzalez Diaz','user_154@ejemplo.com','$2y$10$MPKqdCNMbXDECFDK090b2uA8LeObxkFR7tkLl3j1V.YLGOe2tqCza',NULL,1,NULL,'2026-04-02 11:46:36'),
(155,2,'David Alvarez Garcia','user_155@ejemplo.com','$2y$10$MPKqdCNMbXDECFDK090b2uA8LeObxkFR7tkLl3j1V.YLGOe2tqCza',NULL,1,NULL,'2025-12-17 15:55:45'),
(156,2,'Alejandro Gomez Lopez','user_156@ejemplo.com','$2y$10$MPKqdCNMbXDECFDK090b2uA8LeObxkFR7tkLl3j1V.YLGOe2tqCza',NULL,1,NULL,'2025-07-30 23:53:36'),
(157,2,'Carlos Sanchez Fernandez','user_157@ejemplo.com','$2y$10$MPKqdCNMbXDECFDK090b2uA8LeObxkFR7tkLl3j1V.YLGOe2tqCza',NULL,1,NULL,'2026-01-31 03:33:49'),
(158,2,'Elena Diaz Gonzalez','user_158@ejemplo.com','$2y$10$MPKqdCNMbXDECFDK090b2uA8LeObxkFR7tkLl3j1V.YLGOe2tqCza',NULL,1,NULL,'2026-03-26 03:22:12'),
(159,2,'Marta Munoz Ruiz','user_159@ejemplo.com','$2y$10$MPKqdCNMbXDECFDK090b2uA8LeObxkFR7tkLl3j1V.YLGOe2tqCza',NULL,1,NULL,'2026-03-20 23:08:07'),
(160,2,'Javier Hernandez Diaz','user_160@ejemplo.com','$2y$10$MPKqdCNMbXDECFDK090b2uA8LeObxkFR7tkLl3j1V.YLGOe2tqCza',NULL,1,NULL,'2025-09-20 18:23:58'),
(161,2,'David Martinez Sanchez','user_161@ejemplo.com','$2y$10$MPKqdCNMbXDECFDK090b2uA8LeObxkFR7tkLl3j1V.YLGOe2tqCza',NULL,1,NULL,'2025-10-23 00:46:00'),
(162,2,'David Rodriguez Munoz','user_162@ejemplo.com','$2y$10$MPKqdCNMbXDECFDK090b2uA8LeObxkFR7tkLl3j1V.YLGOe2tqCza',NULL,1,NULL,'2025-06-22 08:18:19'),
(163,2,'David Fernandez Gomez','user_163@ejemplo.com','$2y$10$MPKqdCNMbXDECFDK090b2uA8LeObxkFR7tkLl3j1V.YLGOe2tqCza',NULL,1,NULL,'2026-02-03 08:25:06'),
(164,2,'Jose Martin Gomez','user_164@ejemplo.com','$2y$10$MPKqdCNMbXDECFDK090b2uA8LeObxkFR7tkLl3j1V.YLGOe2tqCza',NULL,1,NULL,'2025-12-22 01:32:38'),
(165,2,'Carlos Munoz Gonzalez','user_165@ejemplo.com','$2y$10$MPKqdCNMbXDECFDK090b2uA8LeObxkFR7tkLl3j1V.YLGOe2tqCza',NULL,1,NULL,'2025-05-13 13:21:53'),
(166,2,'Carmen Moreno Munoz','user_166@ejemplo.com','$2y$10$MPKqdCNMbXDECFDK090b2uA8LeObxkFR7tkLl3j1V.YLGOe2tqCza',NULL,1,NULL,'2026-03-06 19:58:41'),
(167,2,'Alejandro Martinez Fernandez','user_167@ejemplo.com','$2y$10$MPKqdCNMbXDECFDK090b2uA8LeObxkFR7tkLl3j1V.YLGOe2tqCza',NULL,1,NULL,'2025-07-18 12:48:37'),
(168,2,'David Sanchez Gonzalez','user_168@ejemplo.com','$2y$10$MPKqdCNMbXDECFDK090b2uA8LeObxkFR7tkLl3j1V.YLGOe2tqCza',NULL,1,NULL,'2026-03-25 10:54:11'),
(169,2,'Sara Moreno Garcia','user_169@ejemplo.com','$2y$10$MPKqdCNMbXDECFDK090b2uA8LeObxkFR7tkLl3j1V.YLGOe2tqCza',NULL,1,NULL,'2025-10-16 14:54:58'),
(170,2,'Sara Gonzalez Gonzalez','user_170@ejemplo.com','$2y$10$MPKqdCNMbXDECFDK090b2uA8LeObxkFR7tkLl3j1V.YLGOe2tqCza',NULL,1,NULL,'2025-05-17 14:20:07'),
(171,2,'Carlos Garcia Garcia','user_171@ejemplo.com','$2y$10$MPKqdCNMbXDECFDK090b2uA8LeObxkFR7tkLl3j1V.YLGOe2tqCza',NULL,1,NULL,'2025-11-09 02:05:43'),
(172,2,'Marta Martinez Moreno','user_172@ejemplo.com','$2y$10$MPKqdCNMbXDECFDK090b2uA8LeObxkFR7tkLl3j1V.YLGOe2tqCza',NULL,1,NULL,'2025-04-26 20:49:44'),
(173,2,'Ana Gonzalez Fernandez','user_173@ejemplo.com','$2y$10$MPKqdCNMbXDECFDK090b2uA8LeObxkFR7tkLl3j1V.YLGOe2tqCza',NULL,1,NULL,'2025-10-21 00:43:57'),
(174,2,'Javier Fernandez Perez','user_174@ejemplo.com','$2y$10$MPKqdCNMbXDECFDK090b2uA8LeObxkFR7tkLl3j1V.YLGOe2tqCza',NULL,1,NULL,'2026-02-23 05:07:23'),
(175,2,'Maria Rodriguez Gonzalez','user_175@ejemplo.com','$2y$10$MPKqdCNMbXDECFDK090b2uA8LeObxkFR7tkLl3j1V.YLGOe2tqCza',NULL,1,NULL,'2025-07-11 00:03:49'),
(176,2,'Ana Perez Moreno','user_176@ejemplo.com','$2y$10$MPKqdCNMbXDECFDK090b2uA8LeObxkFR7tkLl3j1V.YLGOe2tqCza',NULL,1,NULL,'2025-06-16 08:03:19'),
(177,2,'Elena Lopez Hernandez','user_177@ejemplo.com','$2y$10$MPKqdCNMbXDECFDK090b2uA8LeObxkFR7tkLl3j1V.YLGOe2tqCza',NULL,1,NULL,'2026-03-27 09:04:51'),
(178,2,'Javier Sanchez Munoz','user_178@ejemplo.com','$2y$10$MPKqdCNMbXDECFDK090b2uA8LeObxkFR7tkLl3j1V.YLGOe2tqCza',NULL,1,NULL,'2026-04-24 06:43:19'),
(179,2,'Maria Martin Garcia','user_179@ejemplo.com','$2y$10$MPKqdCNMbXDECFDK090b2uA8LeObxkFR7tkLl3j1V.YLGOe2tqCza',NULL,1,NULL,'2026-04-11 20:19:15'),
(180,2,'David Martin Martinez','user_180@ejemplo.com','$2y$10$MPKqdCNMbXDECFDK090b2uA8LeObxkFR7tkLl3j1V.YLGOe2tqCza',NULL,1,NULL,'2025-06-16 08:33:58'),
(181,2,'Jorge Gomez Martin','user_181@ejemplo.com','$2y$10$MPKqdCNMbXDECFDK090b2uA8LeObxkFR7tkLl3j1V.YLGOe2tqCza',NULL,1,NULL,'2025-09-28 04:20:22'),
(182,2,'Carmen Perez Diaz','user_182@ejemplo.com','$2y$10$MPKqdCNMbXDECFDK090b2uA8LeObxkFR7tkLl3j1V.YLGOe2tqCza',NULL,1,NULL,'2026-04-03 18:10:23'),
(183,2,'Javier Martinez Gomez','user_183@ejemplo.com','$2y$10$MPKqdCNMbXDECFDK090b2uA8LeObxkFR7tkLl3j1V.YLGOe2tqCza',NULL,1,NULL,'2025-12-23 07:18:28'),
(184,2,'Maria Hernandez Martin','user_184@ejemplo.com','$2y$10$MPKqdCNMbXDECFDK090b2uA8LeObxkFR7tkLl3j1V.YLGOe2tqCza',NULL,1,NULL,'2025-12-28 08:32:02'),
(185,2,'Lucia Gomez Rodriguez','user_185@ejemplo.com','$2y$10$MPKqdCNMbXDECFDK090b2uA8LeObxkFR7tkLl3j1V.YLGOe2tqCza',NULL,1,NULL,'2025-12-31 11:19:42'),
(186,2,'Carmen Ruiz Moreno','user_186@ejemplo.com','$2y$10$MPKqdCNMbXDECFDK090b2uA8LeObxkFR7tkLl3j1V.YLGOe2tqCza',NULL,1,NULL,'2025-07-26 07:03:07'),
(187,2,'Sara Rodriguez Rodriguez','user_187@ejemplo.com','$2y$10$MPKqdCNMbXDECFDK090b2uA8LeObxkFR7tkLl3j1V.YLGOe2tqCza',NULL,1,NULL,'2026-02-05 05:42:02'),
(188,2,'Carlos Sanchez Fernandez','user_188@ejemplo.com','$2y$10$MPKqdCNMbXDECFDK090b2uA8LeObxkFR7tkLl3j1V.YLGOe2tqCza',NULL,1,NULL,'2025-11-18 14:16:41'),
(189,2,'David Perez Munoz','user_189@ejemplo.com','$2y$10$MPKqdCNMbXDECFDK090b2uA8LeObxkFR7tkLl3j1V.YLGOe2tqCza',NULL,1,NULL,'2025-11-13 10:50:52'),
(190,2,'Carmen Perez Fernandez','user_190@ejemplo.com','$2y$10$MPKqdCNMbXDECFDK090b2uA8LeObxkFR7tkLl3j1V.YLGOe2tqCza',NULL,1,NULL,'2026-01-15 05:46:18'),
(191,2,'Laura Munoz Lopez','user_191@ejemplo.com','$2y$10$MPKqdCNMbXDECFDK090b2uA8LeObxkFR7tkLl3j1V.YLGOe2tqCza',NULL,1,NULL,'2026-03-01 13:23:06'),
(192,2,'Miguel Alvarez Fernandez','user_192@ejemplo.com','$2y$10$MPKqdCNMbXDECFDK090b2uA8LeObxkFR7tkLl3j1V.YLGOe2tqCza',NULL,1,NULL,'2025-08-17 19:45:01'),
(193,2,'Marta Sanchez Gomez','user_193@ejemplo.com','$2y$10$MPKqdCNMbXDECFDK090b2uA8LeObxkFR7tkLl3j1V.YLGOe2tqCza',NULL,1,NULL,'2026-03-21 08:10:16'),
(194,2,'Marta Munoz Munoz','user_194@ejemplo.com','$2y$10$MPKqdCNMbXDECFDK090b2uA8LeObxkFR7tkLl3j1V.YLGOe2tqCza',NULL,1,NULL,'2025-06-23 22:48:54'),
(195,2,'Ana Alvarez Alvarez','user_195@ejemplo.com','$2y$10$MPKqdCNMbXDECFDK090b2uA8LeObxkFR7tkLl3j1V.YLGOe2tqCza',NULL,1,NULL,'2025-10-29 07:53:59'),
(196,2,'Laura Gomez Martinez','user_196@ejemplo.com','$2y$10$MPKqdCNMbXDECFDK090b2uA8LeObxkFR7tkLl3j1V.YLGOe2tqCza',NULL,1,NULL,'2026-02-19 17:03:52'),
(197,2,'Maria Alvarez Gomez','user_197@ejemplo.com','$2y$10$MPKqdCNMbXDECFDK090b2uA8LeObxkFR7tkLl3j1V.YLGOe2tqCza',NULL,1,NULL,'2026-01-09 10:25:45'),
(198,2,'Lucia Diaz Ruiz','user_198@ejemplo.com','$2y$10$MPKqdCNMbXDECFDK090b2uA8LeObxkFR7tkLl3j1V.YLGOe2tqCza',NULL,1,NULL,'2025-12-02 09:55:31'),
(199,2,'Elena Fernandez Fernandez','user_199@ejemplo.com','$2y$10$MPKqdCNMbXDECFDK090b2uA8LeObxkFR7tkLl3j1V.YLGOe2tqCza',NULL,1,NULL,'2025-07-02 03:45:07'),
(200,2,'Elena Hernandez Diaz','user_200@ejemplo.com','$2y$10$MPKqdCNMbXDECFDK090b2uA8LeObxkFR7tkLl3j1V.YLGOe2tqCza',NULL,1,NULL,'2026-03-11 06:47:14'),
(201,2,'Lucia Moreno Alvarez','user_201@ejemplo.com','$2y$10$MPKqdCNMbXDECFDK090b2uA8LeObxkFR7tkLl3j1V.YLGOe2tqCza',NULL,1,NULL,'2025-10-11 02:10:19'),
(202,2,'Marta Martinez Sanchez','user_202@ejemplo.com','$2y$10$MPKqdCNMbXDECFDK090b2uA8LeObxkFR7tkLl3j1V.YLGOe2tqCza',NULL,1,NULL,'2026-04-14 02:47:32'),
(203,2,'David Fernandez Gonzalez','user_203@ejemplo.com','$2y$10$MPKqdCNMbXDECFDK090b2uA8LeObxkFR7tkLl3j1V.YLGOe2tqCza',NULL,1,NULL,'2026-01-21 11:59:00'),
(204,2,'Elena Martinez Gonzalez','user_204@ejemplo.com','$2y$10$MPKqdCNMbXDECFDK090b2uA8LeObxkFR7tkLl3j1V.YLGOe2tqCza',NULL,1,NULL,'2025-10-12 12:59:04'),
(205,2,'Maria Martin Martinez','user_205@ejemplo.com','$2y$10$MPKqdCNMbXDECFDK090b2uA8LeObxkFR7tkLl3j1V.YLGOe2tqCza',NULL,1,NULL,'2025-07-04 12:01:07'),
(206,2,'Daniel Ruiz Lopez','user_206@ejemplo.com','$2y$10$MPKqdCNMbXDECFDK090b2uA8LeObxkFR7tkLl3j1V.YLGOe2tqCza',NULL,1,NULL,'2025-05-12 17:46:42'),
(207,2,'Maria Martinez Alvarez','user_207@ejemplo.com','$2y$10$MPKqdCNMbXDECFDK090b2uA8LeObxkFR7tkLl3j1V.YLGOe2tqCza',NULL,1,NULL,'2025-07-10 06:59:35'),
(208,2,'Elena Fernandez Alvarez','user_208@ejemplo.com','$2y$10$MPKqdCNMbXDECFDK090b2uA8LeObxkFR7tkLl3j1V.YLGOe2tqCza',NULL,1,NULL,'2025-07-13 13:22:05'),
(209,2,'David Gonzalez Lopez','user_209@ejemplo.com','$2y$10$MPKqdCNMbXDECFDK090b2uA8LeObxkFR7tkLl3j1V.YLGOe2tqCza',NULL,1,NULL,'2025-11-24 16:40:32'),
(210,2,'Miguel Garcia Fernandez','user_210@ejemplo.com','$2y$10$MPKqdCNMbXDECFDK090b2uA8LeObxkFR7tkLl3j1V.YLGOe2tqCza',NULL,1,NULL,'2025-07-04 19:19:26'),
(211,2,'Carmen Gonzalez Fernandez','user_211@ejemplo.com','$2y$10$MPKqdCNMbXDECFDK090b2uA8LeObxkFR7tkLl3j1V.YLGOe2tqCza',NULL,1,NULL,'2025-09-18 19:23:44'),
(212,2,'David Martinez Lopez','user_212@ejemplo.com','$2y$10$MPKqdCNMbXDECFDK090b2uA8LeObxkFR7tkLl3j1V.YLGOe2tqCza',NULL,1,NULL,'2026-03-13 05:02:10'),
(213,2,'Ana Garcia Sanchez','user_213@ejemplo.com','$2y$10$MPKqdCNMbXDECFDK090b2uA8LeObxkFR7tkLl3j1V.YLGOe2tqCza',NULL,1,NULL,'2025-06-12 00:17:08'),
(214,2,'Daniel Alvarez Hernandez','user_214@ejemplo.com','$2y$10$MPKqdCNMbXDECFDK090b2uA8LeObxkFR7tkLl3j1V.YLGOe2tqCza',NULL,1,NULL,'2025-07-07 04:51:27'),
(215,2,'Javier Fernandez Lopez','user_215@ejemplo.com','$2y$10$MPKqdCNMbXDECFDK090b2uA8LeObxkFR7tkLl3j1V.YLGOe2tqCza',NULL,1,NULL,'2025-07-23 21:25:37'),
(216,2,'Jorge Gomez Hernandez','user_216@ejemplo.com','$2y$10$MPKqdCNMbXDECFDK090b2uA8LeObxkFR7tkLl3j1V.YLGOe2tqCza',NULL,1,NULL,'2025-07-21 14:06:51'),
(217,2,'Laura Martinez Moreno','user_217@ejemplo.com','$2y$10$MPKqdCNMbXDECFDK090b2uA8LeObxkFR7tkLl3j1V.YLGOe2tqCza',NULL,1,NULL,'2025-05-20 17:24:25'),
(218,2,'Sara Perez Martinez','user_218@ejemplo.com','$2y$10$MPKqdCNMbXDECFDK090b2uA8LeObxkFR7tkLl3j1V.YLGOe2tqCza',NULL,1,NULL,'2026-02-06 13:03:12'),
(219,2,'Lucia Moreno Sanchez','user_219@ejemplo.com','$2y$10$MPKqdCNMbXDECFDK090b2uA8LeObxkFR7tkLl3j1V.YLGOe2tqCza',NULL,1,NULL,'2026-03-25 04:21:14'),
(220,2,'Elena Sanchez Diaz','user_220@ejemplo.com','$2y$10$MPKqdCNMbXDECFDK090b2uA8LeObxkFR7tkLl3j1V.YLGOe2tqCza',NULL,1,NULL,'2025-08-12 07:26:42'),
(221,2,'David Alvarez Diaz','user_221@ejemplo.com','$2y$10$MPKqdCNMbXDECFDK090b2uA8LeObxkFR7tkLl3j1V.YLGOe2tqCza',NULL,1,NULL,'2025-08-20 18:48:08'),
(222,2,'Jose Moreno Martinez','user_222@ejemplo.com','$2y$10$MPKqdCNMbXDECFDK090b2uA8LeObxkFR7tkLl3j1V.YLGOe2tqCza',NULL,1,NULL,'2025-07-06 12:27:35'),
(223,2,'Alejandro Martinez Gomez','user_223@ejemplo.com','$2y$10$MPKqdCNMbXDECFDK090b2uA8LeObxkFR7tkLl3j1V.YLGOe2tqCza',NULL,1,NULL,'2025-12-24 03:45:00'),
(224,2,'Jose Hernandez Hernandez','user_224@ejemplo.com','$2y$10$MPKqdCNMbXDECFDK090b2uA8LeObxkFR7tkLl3j1V.YLGOe2tqCza',NULL,1,NULL,'2026-03-30 22:47:43'),
(225,2,'Sara Garcia Sanchez','user_225@ejemplo.com','$2y$10$MPKqdCNMbXDECFDK090b2uA8LeObxkFR7tkLl3j1V.YLGOe2tqCza',NULL,1,NULL,'2025-05-25 04:12:57'),
(226,2,'Jose Gomez Alvarez','user_226@ejemplo.com','$2y$10$MPKqdCNMbXDECFDK090b2uA8LeObxkFR7tkLl3j1V.YLGOe2tqCza',NULL,1,NULL,'2025-07-06 12:16:31'),
(227,2,'Laura Perez Fernandez','user_227@ejemplo.com','$2y$10$MPKqdCNMbXDECFDK090b2uA8LeObxkFR7tkLl3j1V.YLGOe2tqCza',NULL,1,NULL,'2025-05-08 04:10:05'),
(228,2,'Carmen Diaz Rodriguez','user_228@ejemplo.com','$2y$10$MPKqdCNMbXDECFDK090b2uA8LeObxkFR7tkLl3j1V.YLGOe2tqCza',NULL,1,NULL,'2025-10-17 11:25:47'),
(229,2,'Marta Rodriguez Garcia','user_229@ejemplo.com','$2y$10$MPKqdCNMbXDECFDK090b2uA8LeObxkFR7tkLl3j1V.YLGOe2tqCza',NULL,1,NULL,'2025-05-31 05:21:12'),
(230,2,'Marta Rodriguez Munoz','user_230@ejemplo.com','$2y$10$MPKqdCNMbXDECFDK090b2uA8LeObxkFR7tkLl3j1V.YLGOe2tqCza',NULL,1,NULL,'2025-09-28 13:05:11'),
(231,2,'Carmen Diaz Diaz','user_231@ejemplo.com','$2y$10$MPKqdCNMbXDECFDK090b2uA8LeObxkFR7tkLl3j1V.YLGOe2tqCza',NULL,1,NULL,'2025-08-28 08:20:39'),
(232,2,'Javier Gonzalez Fernandez','user_232@ejemplo.com','$2y$10$MPKqdCNMbXDECFDK090b2uA8LeObxkFR7tkLl3j1V.YLGOe2tqCza',NULL,1,NULL,'2025-11-14 14:00:59'),
(233,2,'Carmen Fernandez Rodriguez','user_233@ejemplo.com','$2y$10$MPKqdCNMbXDECFDK090b2uA8LeObxkFR7tkLl3j1V.YLGOe2tqCza',NULL,1,NULL,'2025-06-27 16:47:04'),
(234,2,'David Ruiz Hernandez','user_234@ejemplo.com','$2y$10$MPKqdCNMbXDECFDK090b2uA8LeObxkFR7tkLl3j1V.YLGOe2tqCza',NULL,1,NULL,'2026-01-05 03:19:58'),
(235,2,'Marta Munoz Gomez','user_235@ejemplo.com','$2y$10$MPKqdCNMbXDECFDK090b2uA8LeObxkFR7tkLl3j1V.YLGOe2tqCza',NULL,1,NULL,'2025-10-26 02:12:00'),
(236,2,'Elena Moreno Fernandez','user_236@ejemplo.com','$2y$10$MPKqdCNMbXDECFDK090b2uA8LeObxkFR7tkLl3j1V.YLGOe2tqCza',NULL,1,NULL,'2026-03-19 17:56:39'),
(237,2,'Marta Hernandez Gomez','user_237@ejemplo.com','$2y$10$MPKqdCNMbXDECFDK090b2uA8LeObxkFR7tkLl3j1V.YLGOe2tqCza',NULL,1,NULL,'2025-09-10 14:43:06'),
(238,2,'Maria Hernandez Munoz','user_238@ejemplo.com','$2y$10$MPKqdCNMbXDECFDK090b2uA8LeObxkFR7tkLl3j1V.YLGOe2tqCza',NULL,1,NULL,'2025-06-28 09:16:59'),
(239,2,'Jorge Ruiz Sanchez','user_239@ejemplo.com','$2y$10$MPKqdCNMbXDECFDK090b2uA8LeObxkFR7tkLl3j1V.YLGOe2tqCza',NULL,1,NULL,'2025-09-24 04:47:31'),
(240,2,'Javier Garcia Diaz','user_240@ejemplo.com','$2y$10$MPKqdCNMbXDECFDK090b2uA8LeObxkFR7tkLl3j1V.YLGOe2tqCza',NULL,1,NULL,'2025-12-15 21:20:00'),
(241,2,'Alejandro Fernandez Garcia','user_241@ejemplo.com','$2y$10$MPKqdCNMbXDECFDK090b2uA8LeObxkFR7tkLl3j1V.YLGOe2tqCza',NULL,1,NULL,'2025-07-20 02:37:56'),
(242,2,'Alejandro Perez Gomez','user_242@ejemplo.com','$2y$10$MPKqdCNMbXDECFDK090b2uA8LeObxkFR7tkLl3j1V.YLGOe2tqCza',NULL,1,NULL,'2025-06-11 00:16:58'),
(243,2,'Lucia Diaz Garcia','user_243@ejemplo.com','$2y$10$MPKqdCNMbXDECFDK090b2uA8LeObxkFR7tkLl3j1V.YLGOe2tqCza',NULL,1,NULL,'2025-12-13 13:05:22'),
(244,2,'Carmen Hernandez Perez','user_244@ejemplo.com','$2y$10$MPKqdCNMbXDECFDK090b2uA8LeObxkFR7tkLl3j1V.YLGOe2tqCza',NULL,1,NULL,'2025-11-08 16:14:01'),
(245,2,'Daniel Garcia Martinez','user_245@ejemplo.com','$2y$10$MPKqdCNMbXDECFDK090b2uA8LeObxkFR7tkLl3j1V.YLGOe2tqCza',NULL,1,NULL,'2026-03-29 11:48:18'),
(246,2,'Jorge Munoz Martin','user_246@ejemplo.com','$2y$10$MPKqdCNMbXDECFDK090b2uA8LeObxkFR7tkLl3j1V.YLGOe2tqCza',NULL,1,NULL,'2025-06-29 13:58:52'),
(247,2,'Elena Fernandez Fernandez','user_247@ejemplo.com','$2y$10$MPKqdCNMbXDECFDK090b2uA8LeObxkFR7tkLl3j1V.YLGOe2tqCza',NULL,1,NULL,'2025-08-31 10:05:11'),
(248,2,'Carmen Perez Perez','user_248@ejemplo.com','$2y$10$MPKqdCNMbXDECFDK090b2uA8LeObxkFR7tkLl3j1V.YLGOe2tqCza',NULL,1,NULL,'2025-05-07 20:33:25'),
(249,2,'Javier Sanchez Gomez','user_249@ejemplo.com','$2y$10$MPKqdCNMbXDECFDK090b2uA8LeObxkFR7tkLl3j1V.YLGOe2tqCza',NULL,1,NULL,'2025-09-24 20:02:57'),
(250,2,'David Garcia Lopez','user_250@ejemplo.com','$2y$10$MPKqdCNMbXDECFDK090b2uA8LeObxkFR7tkLl3j1V.YLGOe2tqCza',NULL,1,NULL,'2025-08-27 16:51:03'),
(251,2,'Lucia Martinez Martin','user_251@ejemplo.com','$2y$10$MPKqdCNMbXDECFDK090b2uA8LeObxkFR7tkLl3j1V.YLGOe2tqCza',NULL,1,NULL,'2025-06-03 10:44:59'),
(252,2,'Miguel Rodriguez Fernandez','user_252@ejemplo.com','$2y$10$MPKqdCNMbXDECFDK090b2uA8LeObxkFR7tkLl3j1V.YLGOe2tqCza',NULL,1,NULL,'2025-06-21 21:33:03'),
(253,2,'Carlos Gonzalez Hernandez','user_253@ejemplo.com','$2y$10$MPKqdCNMbXDECFDK090b2uA8LeObxkFR7tkLl3j1V.YLGOe2tqCza',NULL,1,NULL,'2025-11-17 21:13:29'),
(254,2,'Marta Munoz Diaz','user_254@ejemplo.com','$2y$10$MPKqdCNMbXDECFDK090b2uA8LeObxkFR7tkLl3j1V.YLGOe2tqCza',NULL,1,NULL,'2026-04-12 07:36:58'),
(255,2,'Jorge Martinez Gomez','user_255@ejemplo.com','$2y$10$MPKqdCNMbXDECFDK090b2uA8LeObxkFR7tkLl3j1V.YLGOe2tqCza',NULL,1,NULL,'2025-08-17 03:54:56'),
(256,2,'Jorge Perez Garcia','user_256@ejemplo.com','$2y$10$MPKqdCNMbXDECFDK090b2uA8LeObxkFR7tkLl3j1V.YLGOe2tqCza',NULL,1,NULL,'2025-10-16 06:57:09'),
(257,2,'Sara Garcia Gomez','user_257@ejemplo.com','$2y$10$MPKqdCNMbXDECFDK090b2uA8LeObxkFR7tkLl3j1V.YLGOe2tqCza',NULL,1,NULL,'2026-02-10 13:50:42'),
(258,2,'Miguel Moreno Garcia','user_258@ejemplo.com','$2y$10$MPKqdCNMbXDECFDK090b2uA8LeObxkFR7tkLl3j1V.YLGOe2tqCza',NULL,1,NULL,'2026-01-04 20:31:12'),
(259,2,'Jose Fernandez Moreno','user_259@ejemplo.com','$2y$10$MPKqdCNMbXDECFDK090b2uA8LeObxkFR7tkLl3j1V.YLGOe2tqCza',NULL,1,NULL,'2025-04-30 06:37:41'),
(260,2,'Lucia Munoz Diaz','user_260@ejemplo.com','$2y$10$MPKqdCNMbXDECFDK090b2uA8LeObxkFR7tkLl3j1V.YLGOe2tqCza',NULL,1,NULL,'2025-10-16 12:03:58'),
(261,2,'Javier Diaz Fernandez','user_261@ejemplo.com','$2y$10$MPKqdCNMbXDECFDK090b2uA8LeObxkFR7tkLl3j1V.YLGOe2tqCza',NULL,1,NULL,'2026-02-20 21:26:20'),
(262,2,'David Hernandez Munoz','user_262@ejemplo.com','$2y$10$MPKqdCNMbXDECFDK090b2uA8LeObxkFR7tkLl3j1V.YLGOe2tqCza',NULL,1,NULL,'2025-06-14 05:23:40'),
(263,2,'Lucia Diaz Gomez','user_263@ejemplo.com','$2y$10$MPKqdCNMbXDECFDK090b2uA8LeObxkFR7tkLl3j1V.YLGOe2tqCza',NULL,1,NULL,'2026-04-23 13:55:31'),
(264,2,'Maria Hernandez Rodriguez','user_264@ejemplo.com','$2y$10$MPKqdCNMbXDECFDK090b2uA8LeObxkFR7tkLl3j1V.YLGOe2tqCza',NULL,1,NULL,'2025-08-14 14:01:01'),
(265,2,'Jose Garcia Hernandez','user_265@ejemplo.com','$2y$10$MPKqdCNMbXDECFDK090b2uA8LeObxkFR7tkLl3j1V.YLGOe2tqCza',NULL,1,NULL,'2026-02-27 17:54:05'),
(266,2,'Miguel Fernandez Martinez','user_266@ejemplo.com','$2y$10$MPKqdCNMbXDECFDK090b2uA8LeObxkFR7tkLl3j1V.YLGOe2tqCza',NULL,1,NULL,'2026-04-06 12:22:50'),
(267,2,'Miguel Munoz Hernandez','user_267@ejemplo.com','$2y$10$MPKqdCNMbXDECFDK090b2uA8LeObxkFR7tkLl3j1V.YLGOe2tqCza',NULL,1,NULL,'2025-05-08 04:41:46'),
(268,2,'Alejandro Diaz Lopez','user_268@ejemplo.com','$2y$10$MPKqdCNMbXDECFDK090b2uA8LeObxkFR7tkLl3j1V.YLGOe2tqCza',NULL,1,NULL,'2026-04-14 07:55:18'),
(269,2,'Javier Diaz Moreno','user_269@ejemplo.com','$2y$10$MPKqdCNMbXDECFDK090b2uA8LeObxkFR7tkLl3j1V.YLGOe2tqCza',NULL,1,NULL,'2025-09-26 18:33:30'),
(270,2,'Carmen Munoz Perez','user_270@ejemplo.com','$2y$10$MPKqdCNMbXDECFDK090b2uA8LeObxkFR7tkLl3j1V.YLGOe2tqCza',NULL,1,NULL,'2025-05-04 09:50:55'),
(271,2,'Jorge Ruiz Diaz','user_271@ejemplo.com','$2y$10$MPKqdCNMbXDECFDK090b2uA8LeObxkFR7tkLl3j1V.YLGOe2tqCza',NULL,1,NULL,'2025-06-27 19:57:53'),
(272,2,'Javier Hernandez Hernandez','user_272@ejemplo.com','$2y$10$MPKqdCNMbXDECFDK090b2uA8LeObxkFR7tkLl3j1V.YLGOe2tqCza',NULL,1,NULL,'2025-05-08 02:49:08'),
(273,2,'Laura Rodriguez Gomez','user_273@ejemplo.com','$2y$10$MPKqdCNMbXDECFDK090b2uA8LeObxkFR7tkLl3j1V.YLGOe2tqCza',NULL,1,NULL,'2025-11-20 12:18:59'),
(274,2,'Miguel Munoz Ruiz','user_274@ejemplo.com','$2y$10$MPKqdCNMbXDECFDK090b2uA8LeObxkFR7tkLl3j1V.YLGOe2tqCza',NULL,1,NULL,'2026-03-13 10:32:27'),
(275,2,'Lucia Diaz Martinez','user_275@ejemplo.com','$2y$10$MPKqdCNMbXDECFDK090b2uA8LeObxkFR7tkLl3j1V.YLGOe2tqCza',NULL,1,NULL,'2026-03-31 03:35:02'),
(276,2,'Carmen Perez Diaz','user_276@ejemplo.com','$2y$10$MPKqdCNMbXDECFDK090b2uA8LeObxkFR7tkLl3j1V.YLGOe2tqCza',NULL,1,NULL,'2025-10-25 07:15:01'),
(277,2,'Sara Alvarez Lopez','user_277@ejemplo.com','$2y$10$MPKqdCNMbXDECFDK090b2uA8LeObxkFR7tkLl3j1V.YLGOe2tqCza',NULL,1,NULL,'2025-08-28 06:18:40'),
(278,2,'Ana Lopez Sanchez','user_278@ejemplo.com','$2y$10$MPKqdCNMbXDECFDK090b2uA8LeObxkFR7tkLl3j1V.YLGOe2tqCza',NULL,1,NULL,'2025-06-26 01:37:22'),
(279,2,'Daniel Lopez Martinez','user_279@ejemplo.com','$2y$10$MPKqdCNMbXDECFDK090b2uA8LeObxkFR7tkLl3j1V.YLGOe2tqCza',NULL,1,NULL,'2025-10-20 13:33:21'),
(280,2,'Alejandro Hernandez Gonzalez','user_280@ejemplo.com','$2y$10$MPKqdCNMbXDECFDK090b2uA8LeObxkFR7tkLl3j1V.YLGOe2tqCza',NULL,1,NULL,'2025-06-12 00:23:37'),
(281,2,'Lucia Alvarez Garcia','user_281@ejemplo.com','$2y$10$MPKqdCNMbXDECFDK090b2uA8LeObxkFR7tkLl3j1V.YLGOe2tqCza',NULL,1,NULL,'2025-06-27 16:27:48'),
(282,2,'Sara Diaz Moreno','user_282@ejemplo.com','$2y$10$MPKqdCNMbXDECFDK090b2uA8LeObxkFR7tkLl3j1V.YLGOe2tqCza',NULL,1,NULL,'2025-10-29 00:52:18'),
(283,2,'David Moreno Rodriguez','user_283@ejemplo.com','$2y$10$MPKqdCNMbXDECFDK090b2uA8LeObxkFR7tkLl3j1V.YLGOe2tqCza',NULL,1,NULL,'2025-12-09 08:16:26'),
(284,2,'Carlos Fernandez Sanchez','user_284@ejemplo.com','$2y$10$MPKqdCNMbXDECFDK090b2uA8LeObxkFR7tkLl3j1V.YLGOe2tqCza',NULL,1,NULL,'2025-11-05 21:58:01'),
(285,2,'Jose Martinez Fernandez','user_285@ejemplo.com','$2y$10$MPKqdCNMbXDECFDK090b2uA8LeObxkFR7tkLl3j1V.YLGOe2tqCza',NULL,1,NULL,'2025-04-30 23:25:36'),
(286,2,'Daniel Gonzalez Lopez','user_286@ejemplo.com','$2y$10$MPKqdCNMbXDECFDK090b2uA8LeObxkFR7tkLl3j1V.YLGOe2tqCza',NULL,1,NULL,'2025-05-25 13:12:13'),
(287,2,'Miguel Perez Sanchez','user_287@ejemplo.com','$2y$10$MPKqdCNMbXDECFDK090b2uA8LeObxkFR7tkLl3j1V.YLGOe2tqCza',NULL,1,NULL,'2025-07-17 00:42:18'),
(288,2,'Miguel Alvarez Garcia','user_288@ejemplo.com','$2y$10$MPKqdCNMbXDECFDK090b2uA8LeObxkFR7tkLl3j1V.YLGOe2tqCza',NULL,1,NULL,'2025-09-19 06:54:11'),
(289,2,'David Munoz Martin','user_289@ejemplo.com','$2y$10$MPKqdCNMbXDECFDK090b2uA8LeObxkFR7tkLl3j1V.YLGOe2tqCza',NULL,1,NULL,'2026-01-09 19:07:55'),
(290,2,'Marta Munoz Perez','user_290@ejemplo.com','$2y$10$MPKqdCNMbXDECFDK090b2uA8LeObxkFR7tkLl3j1V.YLGOe2tqCza',NULL,1,NULL,'2025-11-18 10:30:58'),
(291,2,'Daniel Ruiz Martin','user_291@ejemplo.com','$2y$10$MPKqdCNMbXDECFDK090b2uA8LeObxkFR7tkLl3j1V.YLGOe2tqCza',NULL,1,NULL,'2025-09-09 21:23:41'),
(292,2,'Marta Munoz Hernandez','user_292@ejemplo.com','$2y$10$MPKqdCNMbXDECFDK090b2uA8LeObxkFR7tkLl3j1V.YLGOe2tqCza',NULL,1,NULL,'2025-09-19 06:35:06'),
(293,2,'Carmen Munoz Martinez','user_293@ejemplo.com','$2y$10$MPKqdCNMbXDECFDK090b2uA8LeObxkFR7tkLl3j1V.YLGOe2tqCza',NULL,1,NULL,'2025-09-14 21:03:16'),
(294,2,'Sara Lopez Sanchez','user_294@ejemplo.com','$2y$10$MPKqdCNMbXDECFDK090b2uA8LeObxkFR7tkLl3j1V.YLGOe2tqCza',NULL,1,NULL,'2025-12-27 16:39:34'),
(295,2,'Elena Martin Garcia','user_295@ejemplo.com','$2y$10$MPKqdCNMbXDECFDK090b2uA8LeObxkFR7tkLl3j1V.YLGOe2tqCza',NULL,1,NULL,'2025-08-24 03:09:03'),
(296,2,'Elena Gomez Gonzalez','user_296@ejemplo.com','$2y$10$MPKqdCNMbXDECFDK090b2uA8LeObxkFR7tkLl3j1V.YLGOe2tqCza',NULL,1,NULL,'2026-04-12 23:44:01'),
(297,2,'Sara Gonzalez Hernandez','user_297@ejemplo.com','$2y$10$MPKqdCNMbXDECFDK090b2uA8LeObxkFR7tkLl3j1V.YLGOe2tqCza',NULL,1,NULL,'2025-12-19 20:27:10'),
(298,2,'Alejandro Alvarez Alvarez','user_298@ejemplo.com','$2y$10$MPKqdCNMbXDECFDK090b2uA8LeObxkFR7tkLl3j1V.YLGOe2tqCza',NULL,1,NULL,'2026-02-01 12:18:39'),
(299,2,'Carlos Hernandez Moreno','user_299@ejemplo.com','$2y$10$MPKqdCNMbXDECFDK090b2uA8LeObxkFR7tkLl3j1V.YLGOe2tqCza',NULL,1,NULL,'2025-07-25 20:20:24');
/*!40000 ALTER TABLE `usuarios` ENABLE KEYS */;
UNLOCK TABLES;
COMMIT;
SET AUTOCOMMIT=@OLD_AUTOCOMMIT;
/*!40103 SET TIME_ZONE=@OLD_TIME_ZONE */;

/*!40101 SET SQL_MODE=@OLD_SQL_MODE */;
/*!40014 SET FOREIGN_KEY_CHECKS=@OLD_FOREIGN_KEY_CHECKS */;
/*!40014 SET UNIQUE_CHECKS=@OLD_UNIQUE_CHECKS */;
/*!40101 SET CHARACTER_SET_CLIENT=@OLD_CHARACTER_SET_CLIENT */;
/*!40101 SET CHARACTER_SET_RESULTS=@OLD_CHARACTER_SET_RESULTS */;
/*!40101 SET COLLATION_CONNECTION=@OLD_COLLATION_CONNECTION */;
/*M!100616 SET NOTE_VERBOSITY=@OLD_NOTE_VERBOSITY */;

-- Dump completed on 2026-05-05 20:48:01
